iter	MAE	RMSE
0	0.6707589368	0.8077497654
1	0.6685156581	0.8058781321
2	0.6662819275	0.8040761313
3	0.6640562601	0.8022821768
4	0.6618829584	0.8005777939
5	0.6597545924	0.7989675409
6	0.6580946218	0.7977831499
7	0.6561211651	0.7963875066
8	0.6544221401	0.795267795
9	0.6526599301	0.79409009
10	0.6508570151	0.792860124
11	0.6490584393	0.7916791568
12	0.6463524177	0.7898228941
13	0.643723757	0.7880686661
14	0.6411166554	0.7863435477
15	0.6384741145	0.7846307268
16	0.6358034119	0.7828894809
17	0.6333987072	0.7814573089
18	0.6310212539	0.7800190081
19	0.6285556435	0.7785019798
20	0.6263588354	0.7772402882
21	0.6240642048	0.7759014361
22	0.621845701	0.7746343281
23	0.6199500049	0.7737033876
24	0.61788497	0.7725268566
25	0.615886013	0.771471179
26	0.6139921093	0.7705302935
27	0.6122246064	0.7697302351
28	0.6105047037	0.7689038166
29	0.6088364742	0.7681503567
30	0.6071476871	0.7672814485
31	0.6055708882	0.7665207181
32	0.6041005686	0.7658510266
33	0.6026447047	0.7650884006
34	0.601271505	0.7643480912
35	0.6000690722	0.7636689961
36	0.598938612	0.7630184149
37	0.5978961151	0.762429358
38	0.5968060207	0.7617437157
39	0.5950593297	0.7604175596
40	0.5942028736	0.7598190857
41	0.5934751006	0.7594289476
42	0.5925660314	0.7587415896
43	0.5918472886	0.7582847618
44	0.5912236567	0.757904815
45	0.5901341615	0.7569629904
46	0.5896100607	0.7566192898
47	0.5890924344	0.7562989557
48	0.588648712	0.7560239394
49	0.5881274165	0.7556947292
50	0.5870335139	0.7547377561
51	0.5860133097	0.7538909217
52	0.5851517567	0.7531584366
53	0.5844678584	0.7526059764
54	0.5838630374	0.7521304521
55	0.583451175	0.7518601182
56	0.5829562759	0.7514717664
57	0.5823608278	0.75093345
58	0.5815656242	0.7502402487
59	0.58092762	0.7496865271
60	0.5804231956	0.7493015044
61	0.5798863807	0.7487819899
62	0.5794203002	0.7484386919
63	0.5788986274	0.7479523322
64	0.5784896627	0.7476132892
65	0.5780643133	0.7473122296
66	0.5777140085	0.7470731845
67	0.577313369	0.7468497539
68	0.5766422955	0.7462137735
69	0.5760733733	0.7457362579
70	0.5756026805	0.7452638512
71	0.575091309	0.7448240767
72	0.57447742	0.7443228236
73	0.5739123774	0.7439521677
74	0.5737335694	0.7437482814
75	0.5731031488	0.7431845724
76	0.5725589613	0.7426888345
77	0.5721810649	0.7423997051
78	0.5717402436	0.7419604391
79	0.5712477451	0.7415214228
80	0.5707897832	0.7410960922
81	0.570187688	0.7405324953
82	0.5696546538	0.7400972022
83	0.5691894126	0.7397218423
84	0.5687720799	0.7392913685
85	0.5680893177	0.7387832915
86	0.5676302955	0.7384373711
87	0.5672710797	0.7381564213
88	0.5667915762	0.7377292489
89	0.5665101518	0.7374609188
90	0.5661910275	0.7370681382
91	0.5656728812	0.7366637942
92	0.5651699306	0.7362225891
93	0.5646833905	0.7357930509
94	0.5641669134	0.7353795865
95	0.5638758738	0.7351862414
96	0.5633611499	0.7347881487
97	0.5632012177	0.734620243
98	0.5630151505	0.7344202799
99	0.5622766382	0.7337473085
100	0.5617400895	0.7333009594
101	0.5612202436	0.7328168236
102	0.5609108287	0.7325213392
103	0.5606188408	0.73215267
104	0.5602029325	0.7318159572
105	0.5597736901	0.7313815191
106	0.5593546002	0.7309994201
107	0.5592319036	0.7308405417
108	0.5589010696	0.7305305697
109	0.5585800063	0.7302084845
110	0.5582644856	0.7298052737
111	0.5580093122	0.7295184079
112	0.5577078592	0.7291534654
113	0.557312768	0.7288339042
114	0.5570392681	0.7285868679
115	0.5566405798	0.7281147244
116	0.5564401743	0.7278770032
117	0.5560996819	0.7274980668
118	0.5559629789	0.7273633959
119	0.5557127443	0.7271186284
120	0.5551060828	0.7265907123
121	0.5549285425	0.726413791
122	0.5546773328	0.726170329
123	0.5544776851	0.7259536495
124	0.5541692941	0.7255891402
125	0.55361477	0.7252420365
126	0.5533651078	0.7250402288
127	0.5530751502	0.724777651
128	0.5529634171	0.7246349052
129	0.5527371005	0.7243915654
130	0.5526154214	0.7242751023
131	0.5522611163	0.7239050691
132	0.5517335132	0.7234730642
133	0.5514334905	0.7231939049
134	0.5510663297	0.7228620041
135	0.5507032879	0.7225104797
136	0.5503467869	0.7221895622
137	0.549972251	0.7219036893
138	0.5497542635	0.7216836005
139	0.5493901046	0.7213339672
140	0.5490844092	0.7210798344
141	0.548869782	0.7208449155
142	0.5486445151	0.7205679789
143	0.5485362677	0.720426197
144	0.5482525262	0.7200554705
145	0.5482499173	0.7200538145
146	0.5480920016	0.7198532294
147	0.5479825607	0.7197451498
148	0.5476945022	0.7194038993
149	0.547355094	0.7191241778
150	0.5470604989	0.7187813726
151	0.5467319718	0.7184349872
152	0.5464661503	0.7181220923
153	0.5462610542	0.7178628904
154	0.5460004669	0.7176254411
155	0.5458500232	0.7174429006
156	0.5455518814	0.7171915521
157	0.5452395906	0.7168689783
158	0.5449261413	0.7165724628
159	0.5448068311	0.7164387385
160	0.5444253778	0.7161216439
161	0.5443178607	0.7159985294
162	0.5441851746	0.7158152182
163	0.5439022889	0.7155208142
164	0.5435581927	0.7151985891
165	0.5433830925	0.7150118988
166	0.5433086877	0.714931451
167	0.5430800105	0.7147028405
168	0.5429677783	0.7145731262
169	0.5429511993	0.714558625
170	0.5427507884	0.7143075888
171	0.5423962841	0.7140386575
172	0.542261616	0.7138862957
173	0.5419424604	0.7136187241
174	0.5414650263	0.7130981073
175	0.5410020131	0.7127009854
176	0.5408820099	0.7125487652
177	0.5406778227	0.712316393
178	0.5404093879	0.7120913005
179	0.5400313607	0.7117212786
180	0.5397253549	0.7114832262
181	0.5393777974	0.7111855459
182	0.5391346444	0.7108506231
183	0.5390292988	0.7106935222
184	0.5388284767	0.7104463906
185	0.5384193165	0.70996322
186	0.5382918253	0.7098112766
187	0.5380899089	0.7096204094
188	0.5378602903	0.7093717985
189	0.537343856	0.7089479825
190	0.537072435	0.7086102738
191	0.5367308737	0.7083120041
192	0.5366073647	0.7081702043
193	0.5364408703	0.7079837911
194	0.5363926846	0.7079341877
195	0.5362499124	0.7077983732
196	0.5361738217	0.7076957958
197	0.5360119097	0.7074907046
198	0.535588043	0.7071317079
199	0.5354335857	0.7069304836
200	0.5352074804	0.7066522186
201	0.5350539664	0.7064893404
202	0.5349104361	0.706314896
203	0.534720067	0.7060893508
204	0.5345775001	0.7059222082
205	0.5340966588	0.7055498605
206	0.5338718771	0.7051794003
207	0.5337282421	0.7050218625
208	0.533490675	0.7047759032
209	0.533197309	0.7044748742
210	0.5330221589	0.7042690707
211	0.5329323591	0.7041722998
212	0.5329276365	0.7041675425
213	0.5324887017	0.703785308
214	0.5322049399	0.703487017
215	0.5318836883	0.7031361154
216	0.5318116621	0.7030174307
217	0.5316765964	0.7028621772
218	0.5315448508	0.7026890704
219	0.5313546332	0.70253516
220	0.5311714308	0.7023048955
221	0.53108301	0.7021805454
222	0.5310072608	0.7020874404
223	0.530574014	0.7015963152
224	0.5305430831	0.7015478475
225	0.5304693109	0.701447844
226	0.5303013847	0.7012394682
227	0.5301537062	0.70105281
228	0.5298644924	0.7007218378
229	0.529685106	0.7005793445
230	0.5296062398	0.7004811351
231	0.5292554181	0.7001352424
232	0.5291649991	0.7000481688
233	0.528840315	0.6997119182
234	0.5286878505	0.6995583738
235	0.5284989097	0.6993987002
236	0.5283346988	0.6992528726
237	0.5282846489	0.6992021643
238	0.5281685269	0.6990860882
239	0.5280863263	0.6989960339
240	0.5280315299	0.6988917417
241	0.5277712634	0.6986305364
242	0.5275510316	0.6983686346
243	0.5274908539	0.6982763683
244	0.5273066692	0.6981162767
245	0.5269012786	0.6976774092
246	0.5267502413	0.6975403141
247	0.5264791067	0.6972471919
248	0.5263900544	0.6971347074
249	0.5260854972	0.6967898965
250	0.5258613918	0.6965489352
251	0.525414888	0.6962181926
252	0.5250074139	0.6958642035
253	0.5248527253	0.6957264702
254	0.5248307224	0.6956831855
255	0.5246879375	0.6955253106
256	0.5244561698	0.6952591535
257	0.5243761823	0.6951497113
258	0.5240649786	0.6948203246
259	0.5239364788	0.6946639434
260	0.523478541	0.6942112664
261	0.5231639185	0.6939417195
262	0.5229938303	0.6938247087
263	0.5229596334	0.693776672
264	0.5226963435	0.6934568889
265	0.5224363145	0.6931753199
266	0.522178251	0.6928594778
267	0.5218411381	0.692488079
268	0.5215236051	0.6921303508
269	0.5213191936	0.6919921152
270	0.5212607837	0.6919151012
271	0.5208495576	0.6914678685
272	0.5206371755	0.6912474818
273	0.5204477152	0.6910718531
274	0.5202589085	0.6908398894
275	0.5200853598	0.6906305608
276	0.5199150742	0.6904048931
277	0.5198539825	0.6903419163
278	0.519616327	0.6900702387
279	0.5195817469	0.6900315831
280	0.519242147	0.6895879936
281	0.5191924975	0.6895106988
282	0.5191149096	0.6894062766
283	0.5190192158	0.6892859455
284	0.5189117846	0.6891716754
285	0.5189161569	0.6891620317
286	0.5188357049	0.6890513353
287	0.5186125689	0.6887778064
288	0.5184285854	0.6885978215
289	0.5183872169	0.6885503115
290	0.5182189327	0.6883576093
291	0.5181267509	0.688255986
292	0.5180682666	0.6881783409
293	0.5178222826	0.6879156447
294	0.5177459046	0.6878399706
295	0.5173877742	0.6874513889
296	0.5171780912	0.6871978869
297	0.516851047	0.6869537198
298	0.5167544435	0.6868289895
299	0.5165690548	0.6866173198
300	0.5163926999	0.6864017666
301	0.5163551424	0.6863595044
302	0.5162773237	0.6862723091
303	0.5161678515	0.6861414887
304	0.5158883391	0.6858314573
305	0.5158134007	0.6857259028
306	0.5155571049	0.6855029433
307	0.5154018656	0.6853465653
308	0.5151730017	0.6851053488
309	0.5148788691	0.6847706925
310	0.5147767401	0.6846493834
311	0.5145535696	0.6844724612
312	0.5144975903	0.6844038751
313	0.5142888647	0.6841578961
314	0.514081323	0.6839244405
315	0.5138212909	0.6836052555
316	0.5136699986	0.6833939168
317	0.5136333494	0.6833456114
318	0.5134848745	0.6831758708
319	0.5132868261	0.6829587292
320	0.513110437	0.6827500605
321	0.512956887	0.6825732972
322	0.5128013313	0.6823911517
323	0.5126828831	0.6822568538
324	0.5125115229	0.6820446351
325	0.5124073513	0.6819381068
326	0.5123172695	0.6818191456
327	0.5120926645	0.6815820241
328	0.5119241694	0.6814059857
329	0.5118082074	0.6812851908
330	0.5116586231	0.6810989456
331	0.5115108454	0.6809296241
332	0.5113864072	0.6807726841
333	0.5111674015	0.6805213193
334	0.5110748188	0.6804206432
335	0.510998695	0.6803372313
336	0.510920578	0.6802519322
337	0.5107810867	0.6800955625
338	0.5104859445	0.6798488342
339	0.5104085941	0.6797558877
340	0.5102537643	0.6795930569
341	0.5100773955	0.6793784026
342	0.5099599412	0.6792453157
343	0.5097797331	0.6790452177
344	0.5096227423	0.6788752182
345	0.5094389687	0.6786324843
346	0.5092530973	0.6784035336
347	0.5091515594	0.6782696031
348	0.509055635	0.6781583621
349	0.5088355942	0.6778889393
350	0.508742448	0.6777566592
351	0.5086490158	0.6776482948
352	0.5085605534	0.6775344853
353	0.508461747	0.6774205437
354	0.5083880195	0.6773432098
355	0.5083098797	0.6772337935
356	0.5082204814	0.6771183867
357	0.5080440809	0.6769091733
358	0.5078176462	0.6766498334
359	0.5075416987	0.6763558595
360	0.5072469102	0.6760074582
361	0.5071432979	0.6758858542
362	0.5069175069	0.675614728
363	0.5068450293	0.6755392405
364	0.5066378666	0.6752915922
365	0.5065427738	0.6751811341
366	0.5063361585	0.674932171
367	0.5061481118	0.6747182177
368	0.5059765533	0.6745050024
369	0.5057398009	0.6742424723
370	0.5055251661	0.6739737795
371	0.5053692003	0.673810662
372	0.5053240626	0.6737700688
373	0.505114497	0.6735102253
374	0.5048237313	0.6731905305
375	0.5044768208	0.6730539142
376	0.5043824374	0.6729331616
377	0.5041336763	0.6727009205
378	0.504087281	0.6726488054
379	0.5040311395	0.6725817113
380	0.5039246065	0.6724444319
381	0.5037920312	0.6722849437
382	0.5036015931	0.6720455355
383	0.5034392754	0.6718283913
384	0.50323261	0.6716196267
385	0.5030341529	0.6713875047
386	0.5027901993	0.6711267881
387	0.5026941722	0.671024455
388	0.5024850092	0.6707836724
389	0.5023373536	0.6706207169
390	0.5022283986	0.6704917444
391	0.5020678454	0.6703070342
392	0.5019525833	0.6701602572
393	0.5018160842	0.6700161735
394	0.5016794356	0.6698559747
395	0.5015665101	0.6697347672
396	0.5013902212	0.6695187711
397	0.5012038715	0.6693281741
398	0.5010362821	0.669122021
399	0.5008272583	0.6688823872
400	0.5007395582	0.6687801712
401	0.5006764722	0.668707311
402	0.5005446761	0.6685630959
403	0.500422194	0.6684116467
404	0.5002719533	0.6682438326
405	0.5001452712	0.6680833863
406	0.4999774134	0.6678786993
407	0.4998750402	0.6677791902
408	0.4996635954	0.6675311166
409	0.4995134931	0.6673324021
410	0.4993284488	0.6671387928
411	0.4990667001	0.6668296408
412	0.4989502967	0.6667057226
413	0.4985263259	0.6662042463
414	0.4983170111	0.6659566324
415	0.4982845021	0.6659180772
416	0.4982367277	0.6658595075
417	0.4981767618	0.6657666726
418	0.4980997535	0.6656895652
419	0.4979683545	0.6655481243
420	0.4977796442	0.6653172649
421	0.4976813642	0.665187894
422	0.4975158716	0.6650369845
423	0.4974307241	0.6649527226
424	0.4972023858	0.6647117851
425	0.4967768736	0.6642339079
426	0.4967031953	0.6641575466
427	0.4965051771	0.6639397436
428	0.4963529191	0.6637561093
429	0.4961843228	0.6635499554
430	0.4959668382	0.6632980504
431	0.4957967756	0.6631181385
432	0.4956831147	0.6629987038
433	0.4956214585	0.6629296011
434	0.4954643554	0.6627522583
435	0.4952217244	0.662505301
436	0.4951118529	0.662368041
437	0.494970984	0.6622608149
438	0.4948667651	0.6621308341
439	0.4946597995	0.661921164
440	0.4945292698	0.6617551582
441	0.4943748263	0.6615626725
442	0.4941923475	0.6613663489
443	0.494030453	0.6611743441
444	0.4939770458	0.6611157605
445	0.4938808377	0.6610101664
446	0.4937842574	0.6609050872
447	0.4935893449	0.6606620368
448	0.4934872822	0.6605498754
449	0.4933283468	0.6603611859
450	0.4932063754	0.6602025515
451	0.4931130889	0.6600900483
452	0.492907852	0.6598348836
453	0.4928305426	0.6597333075
454	0.4926864259	0.6595724013
455	0.4925929136	0.659454179
456	0.4924612642	0.6593205476
457	0.4924158971	0.659260115
458	0.4922952761	0.6591081929
459	0.4922466456	0.6590477589
460	0.4921902849	0.6589732979
461	0.4920528001	0.6588042775
462	0.4918858336	0.6585947242
463	0.4917819831	0.6584637775
464	0.4916823098	0.6583452138
465	0.4914665372	0.6580787757
466	0.4914164097	0.6580226627
467	0.4912710181	0.6578420706
468	0.4911947507	0.6577621357
469	0.4910318663	0.6575875577
470	0.4908401331	0.6573512827
471	0.4906523045	0.6571433346
472	0.490590225	0.6570731623
473	0.4905482324	0.6570096394
474	0.4903602825	0.6567970846
475	0.4902755947	0.6567003989
476	0.490099087	0.6564957795
477	0.4898044396	0.656210659
478	0.4896832859	0.6560692885
479	0.4894843284	0.6558419057
480	0.4894067243	0.6557588415
481	0.4893096081	0.6556620193
482	0.489023424	0.6553369687
483	0.4889814941	0.6552883035
484	0.4888171011	0.6550981878
485	0.4886408589	0.6549068307
486	0.4885734407	0.6548318043
487	0.488402812	0.6546409255
488	0.488258298	0.6544719772
489	0.4878941041	0.6541944592
490	0.4878447169	0.6541358719
491	0.4877728578	0.6540597064
492	0.4875729718	0.6538341481
493	0.4875171047	0.6537723879
494	0.4874539866	0.6536899473
495	0.4872384481	0.6534424765
496	0.4871088759	0.6532755794
497	0.4869916849	0.6531253835
498	0.4868032403	0.6528857342
499	0.4867147716	0.6527856716
500	0.4866929257	0.6527613451
501	0.4866185215	0.6526731321
502	0.4863984095	0.6524281161
503	0.4863394977	0.6523518417
504	0.4861395087	0.6521288195
505	0.4860367329	0.6520030336
506	0.4858938367	0.6518532188
507	0.4857346317	0.6516572222
508	0.4856472188	0.6515589819
509	0.4855433151	0.6514512582
510	0.4854093089	0.651286556
511	0.4852630268	0.651101642
512	0.4851319817	0.6509588423
513	0.4850165708	0.6508302333
514	0.4848962778	0.6507057309
515	0.4845924258	0.6505109515
516	0.48455845	0.6504718344
517	0.4843986589	0.6502858338
518	0.4843085661	0.6501806898
519	0.4842031423	0.6500397173
520	0.4841205466	0.649937783
521	0.4839629357	0.6497522436
522	0.4838933605	0.6496727079
523	0.4838238971	0.6495938483
524	0.4836153636	0.6493398249
525	0.4834480732	0.6491511094
526	0.4833405627	0.6490290682
527	0.4832127874	0.6489051462
528	0.483092363	0.6487696313
529	0.4830293558	0.6486992807
530	0.4830118036	0.648665371
531	0.4828244795	0.6484480682
532	0.4827536742	0.6483730914
533	0.4826163199	0.6481880487
534	0.4825005101	0.6480707933
535	0.4824596692	0.6480187195
536	0.4824319119	0.6479862733
537	0.4822867814	0.6478117471
538	0.4822505475	0.6477635358
539	0.4820867755	0.6475852806
540	0.4820431102	0.6475312498
541	0.4818894463	0.6473576764
542	0.4817920997	0.647242563
543	0.4816754298	0.6471204595
544	0.4814967952	0.6469169907
545	0.4814164729	0.6468355347
546	0.4813344185	0.64673711
547	0.4811903687	0.646576505
548	0.4811180757	0.6464920911
549	0.4810283996	0.6463808044
550	0.4808243568	0.6461228722
551	0.4807685062	0.6460678037
552	0.4806072679	0.6458879482
553	0.4804692644	0.6457142336
554	0.4803986415	0.6456303669
555	0.4803552544	0.645574769
556	0.4802289652	0.6454440794
557	0.4801815387	0.6453863264
558	0.4801286901	0.6453213001
559	0.4800993915	0.6452890753
560	0.4800181442	0.6452010396
561	0.4799087204	0.6450909234
562	0.4797781421	0.6449435288
563	0.4796852688	0.6448414938
564	0.4795368724	0.6446822077
565	0.479407943	0.6445308413
566	0.4792840662	0.6443899148
567	0.4792653444	0.6443671567
568	0.4791606941	0.6442512143
569	0.4789533131	0.6439766491
570	0.4788650691	0.6438988972
571	0.4786962133	0.6437111531
572	0.4785362088	0.6435414412
573	0.4784152244	0.6434000846
574	0.4782587911	0.6432251639
575	0.4779491227	0.6428715697
576	0.4778584894	0.6427744629
577	0.477690647	0.6425938845
578	0.477591696	0.6424828821
579	0.4775691849	0.6424637611
580	0.4774761245	0.6423680897
581	0.4774198335	0.6422966362
582	0.4772793056	0.6421352294
583	0.4771119074	0.6419266873
584	0.4770604525	0.6418693962
585	0.4770378183	0.6418449031
586	0.47689134	0.6416743348
587	0.4768016023	0.6415780664
588	0.476754771	0.6415068226
589	0.4766714215	0.6414064791
590	0.476602557	0.6413096231
591	0.4765620543	0.6412641415
592	0.4764536561	0.6411341726
593	0.4764003503	0.6410740841
594	0.4763308184	0.640999528
595	0.4762404226	0.6408997466
596	0.4761060551	0.6407425464
597	0.4759655843	0.6405676393
598	0.4758110131	0.6403847464
599	0.475646395	0.6402120089
600	0.4755576282	0.6401095815
601	0.4754574599	0.6399880771
602	0.4752863979	0.6397713259
603	0.4751266454	0.6395803177
604	0.4750763091	0.6395204476
605	0.4749850434	0.6394143736
606	0.4749625278	0.6393892633
607	0.4748221512	0.6392376482
608	0.4746584879	0.6390527162
609	0.4746346891	0.6390269877
610	0.4744372132	0.6388560204
611	0.4743712319	0.6387839584
612	0.4743465074	0.6387567693
613	0.4742196765	0.6386092778
614	0.4741746773	0.6385457714
615	0.4741488579	0.6385209182
616	0.4740707586	0.6384078014
617	0.4739845221	0.6383267241
618	0.4739078393	0.6382484644
619	0.4739001254	0.6382375809
620	0.4736908028	0.6379856872
621	0.4736709435	0.6379664322
622	0.473608883	0.6379162636
623	0.473485389	0.6377907083
624	0.473392894	0.6376916954
625	0.4733441177	0.6376368707
626	0.4732978319	0.6375882452
627	0.4731321751	0.637390928
628	0.4730863967	0.6373382212
629	0.4730324688	0.6372692397
630	0.4729267025	0.6371512351
631	0.4728110507	0.6370193785
632	0.4727273482	0.6369215949
633	0.4726744714	0.63686388
634	0.4725031914	0.6366745224
635	0.4723335644	0.6364701113
636	0.4722227868	0.6363275794
637	0.4720832153	0.6361659145
638	0.4719260804	0.6359697936
639	0.471844302	0.6358653264
640	0.4718254786	0.6358498207
641	0.4717055681	0.635698796
642	0.4716843937	0.6356630343
643	0.4716172569	0.6355865993
644	0.4715340802	0.6354881549
645	0.4714968743	0.6354464912
646	0.4714141566	0.6353442137
647	0.4713221943	0.6352451082
648	0.4711347393	0.6350978026
649	0.4710654004	0.6350289154
650	0.4710130782	0.6349499293
651	0.4708880788	0.6348058452
652	0.4708384807	0.6347377308
653	0.4707431546	0.6346343001
654	0.4705419877	0.6343889517
655	0.4704105183	0.6342578564
656	0.4703417503	0.6341786619
657	0.4702199702	0.634038119
658	0.4701298515	0.6339476946
659	0.470054143	0.6338453444
660	0.4700222712	0.6338176668
661	0.4698376595	0.6336262062
662	0.4697592575	0.6335402042
663	0.4696938284	0.6334641446
664	0.4696478456	0.6334194309
665	0.4695281408	0.6332802239
666	0.4693904891	0.6331196779
667	0.4692383943	0.6329687293
668	0.4691859723	0.6329196424
669	0.4690326151	0.6327478577
670	0.4688721424	0.6325574445
671	0.4687316831	0.6323893198
672	0.4686855231	0.6323392957
673	0.4686401605	0.6322898789
674	0.4685635225	0.63221139
675	0.4684661881	0.6321022248
676	0.4683473607	0.6319609436
677	0.4683149757	0.6319213208
678	0.468225536	0.6318099916
679	0.4681225728	0.6316973941
680	0.4680793069	0.6316489254
681	0.4679180142	0.631452497
682	0.4678184645	0.6313400339
683	0.4677570122	0.6312716286
684	0.4676986851	0.6312003646
685	0.4676125476	0.6310981072
686	0.4674979969	0.6309592404
687	0.4674216776	0.6308786837
688	0.4673145762	0.6307502065
689	0.4672758922	0.6307188575
690	0.4671784748	0.6306034784
691	0.4670009977	0.6303825526
692	0.4668949521	0.6302477702
693	0.4668672225	0.6302183656
694	0.4667150223	0.630045173
695	0.4666710975	0.6300020504
696	0.4665883567	0.6299113298
697	0.4665500444	0.6298691618
698	0.4664176982	0.6297121888
699	0.4663894	0.6296782951
700	0.4663322962	0.6295928833
701	0.4662518534	0.629488792
702	0.4661732806	0.6294084797
703	0.4660654654	0.6292970293
704	0.4660164868	0.6292488872
705	0.4659477276	0.6291681374
706	0.4658582886	0.6290599406
707	0.4657962435	0.6289870138
708	0.4656986447	0.6288727784
709	0.4656663787	0.6288273551
710	0.4656126174	0.6287591086
711	0.465547304	0.6286882789
712	0.4654368457	0.6285636403
713	0.4653735712	0.6284930634
714	0.4652001372	0.6282850604
715	0.4651667097	0.6282486947
716	0.4651190003	0.6282004207
717	0.4650701757	0.6281501334
718	0.4649788538	0.628048438
719	0.4648628587	0.6279042596
720	0.4646809964	0.6276865944
721	0.4645608153	0.6275749339
722	0.4644736383	0.6274755453
723	0.4644070288	0.6274029959
724	0.4643018235	0.6272936329
725	0.4640854667	0.6270430516
726	0.4639416394	0.6268902777
727	0.4638564916	0.6267984652
728	0.4637171317	0.6266811913
729	0.4636590544	0.6266123539
730	0.4635788826	0.62651313
731	0.463564977	0.6264944649
732	0.4635328361	0.6264532259
733	0.4634653682	0.6263854477
734	0.4634129293	0.6263337993
735	0.4633960922	0.6263144121
736	0.4633176497	0.6262213911
737	0.4632902528	0.6261826406
738	0.4632189462	0.6261074004
739	0.4631328634	0.6260131051
740	0.4630702153	0.6259532632
741	0.462929082	0.6257916237
742	0.4628030231	0.6256642397
743	0.4627121967	0.6255666379
744	0.4625800885	0.6253984108
745	0.4624800773	0.6252816117
746	0.4623900949	0.6251879114
747	0.4623793472	0.6251757711
748	0.4622083498	0.6249784427
749	0.4621546471	0.6249150435
750	0.4620797431	0.6248387024
751	0.4620144438	0.6247830876
752	0.461937405	0.6246811507
753	0.4618420499	0.6245525165
754	0.4617326374	0.6244218555
755	0.4616771133	0.6243505699
756	0.4616336586	0.6243026812
757	0.4615860542	0.624242125
758	0.4615482948	0.6242015735
759	0.4615053546	0.6241544582
760	0.4614466895	0.6240871201
761	0.4613481549	0.6239864474
762	0.4611816257	0.6238170241
763	0.4611481653	0.6237909946
764	0.4610310777	0.6236437738
765	0.460937736	0.6235473154
766	0.4607662486	0.6233233404
767	0.4606950562	0.6232244848
768	0.4605882106	0.6231089165
769	0.4604587909	0.6229717383
770	0.4603819812	0.6228839344
771	0.460234242	0.6227118988
772	0.4602167522	0.6226919755
773	0.4601833158	0.6226576009
774	0.4600373274	0.6224777777
775	0.4598429889	0.6222453664
776	0.4598137861	0.6222173839
777	0.4597191282	0.6221061729
778	0.4596743442	0.6220566991
779	0.4596415329	0.6220169455
780	0.4594837623	0.6218296087
781	0.4592847515	0.6216227883
782	0.4592152174	0.6215323925
783	0.4590853878	0.6213607423
784	0.4589623527	0.6212061415
785	0.458873871	0.6211380174
786	0.4587509922	0.6210057924
787	0.4587025092	0.6209499912
788	0.4585611009	0.6207783185
789	0.4584922237	0.6206996769
790	0.4583248065	0.6205289694
791	0.4581464068	0.6203865968
792	0.4580525878	0.620291966
793	0.4580137515	0.6202476065
794	0.4579333304	0.6201501824
795	0.4578953407	0.6201113106
796	0.4578438255	0.6200454984
797	0.4577547698	0.6199471379
798	0.4575980116	0.6197644073
799	0.4575533386	0.6197078444
800	0.4574384637	0.619572192
801	0.4573916744	0.6195113869
802	0.4572864269	0.6193841984
803	0.4572121434	0.6192984386
804	0.4570928402	0.6191531934
805	0.456989679	0.61905392
806	0.4569163834	0.6189667949
807	0.4568305491	0.6188837506
808	0.4566835659	0.6187151419
809	0.4566277828	0.6186523667
810	0.456474073	0.6184587147
811	0.45635747	0.6183199255
812	0.4563096812	0.6182709396
813	0.4562135862	0.6181674297
814	0.456044304	0.617983188
815	0.4559261608	0.6178414867
816	0.4557401396	0.6176460232
817	0.4556092896	0.6175317429
818	0.4555217929	0.6174262787
819	0.4554517637	0.617356903
820	0.4553239098	0.6172140949
821	0.4552699243	0.6171559429
822	0.4551200259	0.6169857777
823	0.4549903438	0.6168264581
824	0.4548578481	0.6166902452
825	0.4548189269	0.6166486125
826	0.454723573	0.6165505134
827	0.4545941335	0.6163883691
828	0.4545329206	0.6163480403
829	0.4543798949	0.6161602754
830	0.4542089982	0.6159459133
831	0.4541325644	0.6158706361
832	0.4540598037	0.615773828
833	0.4539186146	0.6156012719
834	0.4538833333	0.615556889
835	0.4537450949	0.6154120477
836	0.4536636307	0.6153219816
837	0.4535592261	0.6151922959
838	0.4534957345	0.6151170934
839	0.4534501717	0.6150608123
840	0.4533704975	0.6149861116
841	0.453288656	0.61489157
842	0.453240007	0.6148502143
843	0.4530908165	0.6147002582
844	0.4529843177	0.6145787284
845	0.4528351809	0.614418034
846	0.4528006198	0.6143866394
847	0.4526979677	0.6142703249
848	0.4526438616	0.6142104313
849	0.4525722619	0.6141190857
850	0.452489341	0.6140333535
851	0.4524450676	0.613981837
852	0.4524164023	0.6139460313
853	0.4523088141	0.6138229796
854	0.4522492504	0.6137562249
855	0.4521882748	0.6136888116
856	0.4520232461	0.6134714531
857	0.4519172769	0.6133537801
858	0.4518169671	0.6132438375
859	0.4517006025	0.6131172064
860	0.4516539929	0.6130794215
861	0.4516033809	0.6130299869
862	0.4515274489	0.6129542347
863	0.4514984811	0.6129233159
864	0.4513779491	0.6127883356
865	0.4512479367	0.6126277516
866	0.451152895	0.6125134292
867	0.4510795074	0.6124261336
868	0.4509971097	0.6123437713
869	0.4508721609	0.6122051089
870	0.4506944622	0.6119902207
871	0.4506360905	0.6119273396
872	0.4505662483	0.6118418237
873	0.4504309484	0.6117324216
874	0.4503725337	0.6116705214
875	0.4502334901	0.611507325
876	0.4501410963	0.6114052502
877	0.4499139271	0.6111183466
878	0.44982475	0.6110220172
879	0.4497420785	0.6109427474
880	0.4496809097	0.6108699447
881	0.4495930283	0.6107660386
882	0.4495517653	0.6107117249
883	0.4494846055	0.6106486143
884	0.44935118	0.610507464
885	0.4492301294	0.6103520084
886	0.4490794065	0.6101762506
887	0.44902843	0.610125471
888	0.4489231244	0.6099946836
889	0.4488312535	0.6098983432
890	0.4487203573	0.6097677572
891	0.4486608754	0.6097196009
892	0.4485731108	0.6096064761
893	0.4485353827	0.6095659625
894	0.4483982599	0.6093778929
895	0.4483061	0.6092741771
896	0.448128301	0.6090718444
897	0.4480437221	0.6089827825
898	0.4479497678	0.608880841
899	0.4478916698	0.6088055938
900	0.4478256023	0.6087160164
901	0.4477369599	0.6086137356
902	0.447713097	0.6085856182
903	0.4476566423	0.6085319599
904	0.4475152097	0.6083665168
905	0.4473792845	0.6081981689
906	0.4473005765	0.6081073674
907	0.4472539313	0.608052816
908	0.4472154041	0.6080105502
909	0.447058885	0.6078527099
910	0.446958999	0.6077391232
911	0.4468402158	0.6075927585
912	0.4468123183	0.6075592305
913	0.4466993706	0.6074299684
914	0.446640953	0.6073647758
915	0.4465773302	0.6072931491
916	0.4464841395	0.6071926332
917	0.4464067824	0.6070925383
918	0.4462957045	0.6069703684
919	0.4461181822	0.6067608684
920	0.4460698519	0.6067022963
921	0.4459820033	0.6066037777
922	0.4458649745	0.6064690862
923	0.4458296686	0.6064240922
924	0.4458009954	0.6063899436
925	0.4457601033	0.6063332439
926	0.4456982671	0.6062589557
927	0.4455901393	0.6061401554
928	0.4454741453	0.6059970657
929	0.4454233844	0.6059338412
930	0.4453270847	0.6058201742
931	0.4452701213	0.6057553561
932	0.4451920382	0.6056590074
933	0.4450671828	0.6055156796
934	0.444976286	0.6054093206
935	0.4449460572	0.6053741106
936	0.4448501692	0.605266258
937	0.4447932821	0.6052017545
938	0.444723097	0.6051311654
939	0.4446514631	0.6050435059
940	0.4445923676	0.6049741082
941	0.4445072313	0.6048722437
942	0.4444008602	0.6047455896
943	0.4443748115	0.6047114637
944	0.4443361515	0.6046741777
945	0.4442514887	0.6045719726
946	0.4441270432	0.6044216268
947	0.4440594103	0.604355601
948	0.4439874404	0.6042734165
949	0.443893865	0.6041906605
950	0.4438216028	0.6040999688
951	0.4437496349	0.6040156041
952	0.4437138702	0.6039725315
953	0.4436678288	0.6039244037
954	0.4435418977	0.6037875676
955	0.4434263268	0.6036467409
956	0.4433394454	0.6035399391
957	0.4432533495	0.6034413963
958	0.4431514189	0.6033344531
959	0.44313133	0.6033147852
960	0.4431060341	0.6032958123
961	0.4429640079	0.6031901286
962	0.4429350921	0.60316098
963	0.4428477793	0.6030661131
964	0.4427694064	0.6029600678
965	0.4427560485	0.6029478151
966	0.4427457244	0.6029372612
967	0.4427030672	0.6028890178
968	0.4425345339	0.6027061501
969	0.4424111666	0.6025554022
970	0.442306979	0.6024325959
971	0.4422487054	0.6023637225
972	0.4421533736	0.6022568943
973	0.4420965538	0.6021840817
974	0.4420392223	0.602121422
975	0.4419407407	0.602010279
976	0.4418820637	0.6019367698
977	0.4417601411	0.6018012332
978	0.441703239	0.6017367648
979	0.4416353227	0.6016396309
980	0.4415367494	0.6015245876
981	0.4414480671	0.6014290762
982	0.4413751053	0.6013499716
983	0.4413355315	0.6013075891
984	0.4412248231	0.6011618779
985	0.4411903015	0.6011226845
986	0.441147609	0.6010725661
987	0.4410808368	0.6010080868
988	0.4410536131	0.6009743855
989	0.4410344289	0.6009488607
990	0.4409836838	0.6008946967
991	0.4408052614	0.6006821947
992	0.4407316883	0.60060204
993	0.4407183223	0.600587419
994	0.4406545433	0.600519457
995	0.4406236391	0.6004887339
996	0.4404703611	0.6003124073
997	0.4403702434	0.6002049701
998	0.4402328351	0.6000398961
999	0.4401552582	0.5999689665
1000	0.4400629988	0.599858551
1001	0.4399687821	0.5997605534
1002	0.4399074833	0.5996895459
1003	0.4397301563	0.5994469282
1004	0.4396783405	0.5993900866
1005	0.4395533348	0.5992550446
1006	0.4395071395	0.599201607
1007	0.439400319	0.5990888198
1008	0.4393552987	0.599028609
1009	0.43929162	0.5989623056
1010	0.4392452846	0.5989153965
1011	0.4391811476	0.5988419517
1012	0.4391370667	0.5987814062
1013	0.4390038952	0.5986253034
1014	0.4389047588	0.5985076111
1015	0.4387623209	0.5983292819
1016	0.4386805555	0.5982486586
1017	0.4385566514	0.5980940358
1018	0.4384701053	0.5979888492
1019	0.4383977563	0.5979006934
1020	0.4382245537	0.5977245098
1021	0.4381867114	0.5976792291
1022	0.4380717429	0.5975388923
1023	0.43805252	0.5975161204
1024	0.4379424853	0.597382286
1025	0.4378914469	0.5973142445
1026	0.4378000071	0.5972158008
1027	0.4377806289	0.5971975636
1028	0.4377646575	0.5971779548
1029	0.4376767299	0.5970977603
1030	0.4375212918	0.5968972498
1031	0.4374377571	0.5968022808
1032	0.437371268	0.5967301848
1033	0.4372674455	0.5966137893
1034	0.4371429397	0.5964785825
1035	0.4370764758	0.5964003485
1036	0.4370038073	0.5963109398
1037	0.436915708	0.5962001326
1038	0.4368817	0.5961652361
1039	0.4367642264	0.5960426171
1040	0.436730202	0.5960099641
1041	0.4366893651	0.5959691575
1042	0.4366690432	0.5959482524
1043	0.4366395953	0.5959081432
1044	0.4365537453	0.5958125982
1045	0.4364797925	0.5957180559
1046	0.4363833961	0.5956065174
1047	0.436279277	0.5954888148
1048	0.4362386734	0.5954399744
1049	0.4362121936	0.5954136388
1050	0.4361809531	0.595377065
1051	0.4360088255	0.5951637848
1052	0.4358692038	0.5950005608
1053	0.4357632686	0.5948761081
1054	0.4356698123	0.5947541873
1055	0.4356071276	0.594694289
1056	0.4355743528	0.5946622993
1057	0.4354194784	0.5944978829
1058	0.4352803275	0.5943358311
1059	0.4351551062	0.5941779193
1060	0.4349783772	0.5939744204
1061	0.4349329241	0.5939243934
1062	0.4348579293	0.5938429044
1063	0.4347795754	0.5937562485
1064	0.4346806256	0.5936266269
1065	0.4345485175	0.5934677161
1066	0.4344825639	0.5933883303
1067	0.4343411954	0.5932329823
1068	0.4342148469	0.5930800546
1069	0.4341462736	0.5929944629
1070	0.4340546134	0.5928956984
1071	0.433983819	0.5927995749
1072	0.433961095	0.5927743747
1073	0.4338916541	0.5927036583
1074	0.4338606192	0.5926716015
1075	0.4337591639	0.5925787444
1076	0.4337200481	0.5925301002
1077	0.433682152	0.5924933616
1078	0.433620432	0.5924147148
1079	0.4335414866	0.5923227541
1080	0.4334813451	0.5922599864
1081	0.4333824424	0.5921422955
1082	0.4333081567	0.5920558942
1083	0.4332527776	0.5919922684
1084	0.4331121777	0.5918413744
1085	0.4330010878	0.5917069258
1086	0.4328636675	0.5915685801
1087	0.432780849	0.5914725593
1088	0.4326283353	0.5913757515
1089	0.4325790669	0.5913272721
1090	0.4325506974	0.5912918886
1091	0.432503164	0.5912358511
1092	0.4324076052	0.5911205485
1093	0.4323282549	0.5910371632
1094	0.4322300638	0.5909333812
1095	0.4320774436	0.5907692552
1096	0.4319400692	0.5906055978
1097	0.4317834709	0.5904310508
1098	0.4316563153	0.5902844836
1099	0.4315949937	0.5902042277
1100	0.4314639628	0.5900431462
1101	0.4313891668	0.5899446443
1102	0.4313256708	0.5898718336
1103	0.4312168668	0.5897331396
1104	0.4310757665	0.5895561365
1105	0.4310222287	0.5895028989
1106	0.4309112931	0.5893892476
1107	0.4308851882	0.5893615947
1108	0.4308556282	0.5893264022
1109	0.4307582631	0.5892034491
1110	0.4307092153	0.5891507403
1111	0.4306728285	0.5891056405
1112	0.4305690238	0.5889936618
1113	0.4305338897	0.5889540495
1114	0.4304755031	0.5888838287
1115	0.4303408709	0.5887306543
1116	0.4302959597	0.5886739753
1117	0.4302668954	0.5886365159
1118	0.4301578336	0.5885113131
1119	0.4300650825	0.588398098
1120	0.4300046117	0.588322065
1121	0.4299091169	0.5882106084
1122	0.4298858064	0.5881838291
1123	0.4298446508	0.5881415894
1124	0.4297709509	0.588054575
1125	0.4296219259	0.58786848
1126	0.4295613281	0.5878010403
1127	0.4294124448	0.5876169267
1128	0.4293511278	0.5875517468
1129	0.4292963333	0.5874807664
1130	0.429175488	0.587350501
1131	0.4291124326	0.5872834996
1132	0.4290141785	0.58716949
1133	0.4289633452	0.5871151014
1134	0.4288331403	0.5869660414
1135	0.4287449088	0.5868663352
1136	0.4286186678	0.5867178917
1137	0.4284990036	0.5865738688
1138	0.4283378727	0.5863849605
1139	0.4282469521	0.5862584988
1140	0.4281778025	0.5861719852
1141	0.4281648745	0.5861577608
1142	0.428048865	0.5860409224
1143	0.4279871923	0.5859574818
1144	0.4278493461	0.5858090146
1145	0.4277264366	0.5856723855
1146	0.4276114634	0.5855698377
1147	0.4275216819	0.5854601005
1148	0.4274684882	0.5853987622
1149	0.4274040302	0.5853245174
1150	0.4273705617	0.5852888469
1151	0.4271783494	0.5850777772
1152	0.426991573	0.5848513087
1153	0.4269634718	0.5848200035
1154	0.4269191524	0.5847685962
1155	0.4267932588	0.584622326
1156	0.4267650563	0.5845862
1157	0.4266726723	0.5844707921
1158	0.4264595534	0.5842964973
1159	0.4263771417	0.5842016903
1160	0.4263436722	0.5841655387
1161	0.426254865	0.584074306
1162	0.4261542179	0.5839605705
1163	0.4261276424	0.5839355562
1164	0.4260745075	0.5838616725
1165	0.4259950415	0.5837740481
1166	0.4259462592	0.5837211162
1167	0.4258614492	0.5836177088
1168	0.4258368346	0.5835917246
1169	0.4258269573	0.5835806104
1170	0.4257514919	0.5834946779
1171	0.4256933756	0.5834298088
1172	0.4256650883	0.5834035428
1173	0.4256160612	0.5833469381
1174	0.4254758913	0.5831769046
1175	0.4253651267	0.5830491513
1176	0.4253284427	0.583009536
1177	0.4252379285	0.582894644
1178	0.4251623588	0.5828004735
1179	0.4251216382	0.5827597755
1180	0.4250020467	0.5826298806
1181	0.4249616631	0.5825716681
1182	0.4248814764	0.5824656449
1183	0.4247460862	0.5822941438
1184	0.4246238576	0.5821415829
1185	0.4245120958	0.5820253231
1186	0.4243376025	0.5818131838
1187	0.4242853872	0.5817458961
1188	0.4242242362	0.5816842472
1189	0.4241166353	0.5815541325
1190	0.4240342373	0.581459823
1191	0.4240229716	0.581448829
1192	0.423957919	0.5813701252
1193	0.4238628165	0.5812648633
1194	0.423783978	0.5811741315
1195	0.4236609908	0.5810278388
1196	0.4236016804	0.5809515201
1197	0.4235752501	0.5809219996
1198	0.4234227672	0.5807511322
1199	0.4233746731	0.5806915443
1200	0.4233160348	0.5806332247
1201	0.4232277925	0.580537098
1202	0.4231720405	0.5804753241
1203	0.4230543621	0.5803363492
1204	0.4230046794	0.5802773551
1205	0.4229734263	0.580244319
1206	0.4229331164	0.5802039326
1207	0.4228568273	0.5801148891
1208	0.4227983558	0.5800440117
1209	0.4227262094	0.5799637575
1210	0.4227048035	0.5799448414
1211	0.4226634441	0.5799013179
1212	0.4226025796	0.5798428697
1213	0.422553641	0.5797919721
1214	0.4223776822	0.5795926038
1215	0.4222488831	0.5794313947
1216	0.42220368	0.5793844539
1217	0.4221335185	0.5793004309
1218	0.42206755	0.5792190681
1219	0.4218914735	0.5790425704
1220	0.4217528999	0.5788744329
1221	0.4216725033	0.5787781435
1222	0.4216424611	0.5787411081
1223	0.4216158331	0.578709242
1224	0.4215540303	0.5786356884
1225	0.4215069631	0.5785793274
1226	0.4214452549	0.5785002066
1227	0.421325241	0.578366374
1228	0.421308163	0.5783440912
1229	0.421299688	0.5783358084
1230	0.4212180947	0.5782668019
1231	0.4211196853	0.578145915
1232	0.4210771855	0.5780969216
1233	0.4209877769	0.5779884182
1234	0.420952427	0.577943208
1235	0.4208428204	0.5778152199
1236	0.4207492732	0.5777064539
1237	0.4206714361	0.5776186703
1238	0.4206363799	0.5775771017
1239	0.4205758833	0.5775001328
1240	0.4204590625	0.5773593678
1241	0.4204219252	0.5773122222
1242	0.4203663117	0.5772435174
1243	0.4202618621	0.5771253781
1244	0.4202131668	0.5770723538
1245	0.4201647409	0.5770159932
1246	0.4201207442	0.5769655309
1247	0.4199673905	0.5767817197
1248	0.4199409362	0.5767525549
1249	0.4197492313	0.5765249484
1250	0.4197202389	0.576495108
1251	0.4196586383	0.5764378534
1252	0.4195397202	0.5762991482
1253	0.4194540744	0.5761971621
1254	0.4192621332	0.5759779425
1255	0.4192245347	0.575935071
1256	0.4191675134	0.5758759005
1257	0.4191188936	0.5758229384
1258	0.4190540143	0.5757527023
1259	0.4189770466	0.5756608034
1260	0.4188582344	0.575524629
1261	0.4187593089	0.5754040973
1262	0.4186549123	0.5752893388
1263	0.4185496386	0.5751686673
1264	0.4184501758	0.5750349758
1265	0.4184336838	0.5750152355
1266	0.4183765778	0.574960285
1267	0.418300201	0.5748786101
1268	0.4182153928	0.5747746875
1269	0.4181671344	0.5747135348
1270	0.4180597466	0.5745867694
1271	0.4179889866	0.574506902
1272	0.4179451558	0.5744591957
1273	0.4178997309	0.5744114943
1274	0.4178126987	0.5742999581
1275	0.4177648799	0.5742518646
1276	0.4177201452	0.5741967204
1277	0.4176713217	0.5741411888
1278	0.4176406919	0.574106744
1279	0.4175935686	0.5740586482
1280	0.4175555454	0.5740076094
1281	0.4174986381	0.5739515932
1282	0.4174233783	0.5738672941
1283	0.4172296506	0.5736545402
1284	0.4171751307	0.5735851573
1285	0.4170376995	0.5734200738
1286	0.4168888665	0.5732380189
1287	0.4168179832	0.5731546698
1288	0.4167077261	0.5730488613
1289	0.4166435967	0.5729793725
1290	0.4165535235	0.5728709307
1291	0.416453028	0.5727497997
1292	0.416364746	0.5726448687
1293	0.4162858987	0.5725564536
1294	0.4161832766	0.5724356012
1295	0.4160811277	0.5723182799
1296	0.4160411988	0.5722783076
1297	0.4159994572	0.5722340239
1298	0.4158990765	0.5721227335
1299	0.4157987916	0.5720179511
1300	0.4156805439	0.5718731178
1301	0.4156429756	0.5718320867
1302	0.4156071069	0.5717978423
1303	0.4154986913	0.5716749456
1304	0.4154486276	0.5716190386
1305	0.4153832817	0.5715446087
1306	0.4153184464	0.5714693985
1307	0.4152190995	0.57136428
1308	0.4151563212	0.5712848903
1309	0.4151387103	0.5712687357
1310	0.415104294	0.5712312026
1311	0.4150136679	0.5711157546
1312	0.4149310999	0.5710051207
1313	0.4148141268	0.5708730952
1314	0.4147278105	0.5707663905
1315	0.4146587195	0.5706866487
1316	0.4145764877	0.5705804912
1317	0.414527907	0.5705303479
1318	0.4144608624	0.5704394051
1319	0.4143990072	0.5703707201
1320	0.4143574257	0.5703154713
1321	0.4143136467	0.5702647472
1322	0.4142758048	0.5702167946
1323	0.4142291907	0.5701558475
1324	0.414159182	0.5700793717
1325	0.4140587647	0.5699772919
1326	0.4140481893	0.569965458
1327	0.4140131067	0.5699408543
1328	0.4139299014	0.5698587818
1329	0.413811575	0.5697373641
1330	0.4137258462	0.5696387639
1331	0.413682421	0.5695904963
1332	0.4135939175	0.5694737507
1333	0.4135652282	0.5694369349
1334	0.4135388178	0.5694112162
1335	0.4134806104	0.5693442726
1336	0.4134448011	0.5693045246
1337	0.4132769383	0.5691192684
1338	0.4131826303	0.5690143722
1339	0.4130775567	0.5688873221
1340	0.4129935911	0.5687769956
1341	0.4129051654	0.5686683005
1342	0.4128196298	0.5685663722
1343	0.4127581493	0.5684919549
1344	0.4126556629	0.5683673981
1345	0.4125795987	0.5682734698
1346	0.4124865908	0.568160686
1347	0.4123965491	0.5680532815
1348	0.4123102814	0.5679567048
1349	0.4121891787	0.5678275639
1350	0.4121565241	0.5677900981
1351	0.4121235292	0.5677652574
1352	0.4120768149	0.5677193761
1353	0.4120554199	0.5676991204
1354	0.4119833305	0.5676073207
1355	0.4119342145	0.5675515493
1356	0.4118014759	0.5674161394
1357	0.4117560524	0.5673648295
1358	0.4117156595	0.5673173365
1359	0.4116713852	0.5672729545
1360	0.4115965982	0.5671934136
1361	0.4115194317	0.5671199698
1362	0.4114824565	0.5670762072
1363	0.4114118921	0.5669938521
1364	0.4112624304	0.5668435067
1365	0.4111495616	0.5667138338
1366	0.4110418114	0.5665959314
1367	0.4109886299	0.5665301195
1368	0.4109134115	0.5664559332
1369	0.4108119258	0.5663478463
1370	0.4107698233	0.5663019704
1371	0.4107471531	0.5662765254
1372	0.4106145819	0.5661102911
1373	0.4106034706	0.5661017657
1374	0.4105319285	0.5660229156
1375	0.4104700974	0.565951983
1376	0.4104418828	0.5659217823
1377	0.4104148118	0.5658928903
1378	0.4103437693	0.5658109649
1379	0.4102988403	0.5657564722
1380	0.4102242806	0.5656748729
1381	0.4101312626	0.5655725913
1382	0.4100724061	0.565494907
1383	0.4099987309	0.565408433
1384	0.4098981902	0.5653182554
1385	0.4098336174	0.5652301499
1386	0.4097947382	0.5651867788
1387	0.4096847	0.5650527044
1388	0.4095890432	0.5649475708
1389	0.4095047426	0.5648392478
1390	0.4094321573	0.5647475762
1391	0.4093746043	0.5646905254
1392	0.4093027818	0.5646078635
1393	0.4092817798	0.5645870036
1394	0.4092009699	0.5644908164
1395	0.4091256918	0.5644123665
1396	0.4090688431	0.564343151
1397	0.4090265679	0.5642983377
1398	0.4089479821	0.5642007899
1399	0.4089106664	0.5641613173
1400	0.4087541794	0.5639840414
1401	0.4086352304	0.5638571946
1402	0.4084941597	0.5637017919
1403	0.4084117002	0.5636110096
1404	0.4083967798	0.5635949005
1405	0.4083384102	0.563522563
1406	0.4082964429	0.5634734878
1407	0.4082463449	0.5634101056
1408	0.4081436671	0.5632873417
1409	0.408012664	0.5631272007
1410	0.4079389024	0.5630396395
1411	0.4078379927	0.5629156416
1412	0.4077750507	0.5628454617
1413	0.4076976224	0.56276278
1414	0.4076276536	0.5626843149
1415	0.407555439	0.5626017463
1416	0.4075320823	0.5625800441
1417	0.4074761243	0.562517438
1418	0.407393027	0.5624236146
1419	0.4073724437	0.5623956381
1420	0.407283508	0.5622948178
1421	0.4072214875	0.5622211191
1422	0.4071589912	0.5621436841
1423	0.4071137815	0.5620999925
1424	0.4070638377	0.5620402675
1425	0.4070401537	0.5620038503
1426	0.406973067	0.5619289261
1427	0.4069148883	0.5618706672
1428	0.4068686481	0.5618262988
1429	0.4068374831	0.5617824266
1430	0.4068010059	0.5617475117
1431	0.4067048119	0.5616369283
1432	0.4066784157	0.5616096028
1433	0.406615181	0.5615370371
1434	0.4065886269	0.5615026382
1435	0.406531635	0.5614438972
1436	0.406436792	0.5613357492
1437	0.4063378194	0.5612207785
1438	0.4062637819	0.561114657
1439	0.4062009116	0.5610421583
1440	0.4060888349	0.5609131976
1441	0.4060155324	0.5608283337
1442	0.4058998979	0.5606855909
1443	0.4058139436	0.5605798516
1444	0.4057414319	0.5604920799
1445	0.4057044261	0.5604413339
1446	0.405637623	0.5603706239
1447	0.4055494114	0.5602635995
1448	0.4055234128	0.5602376216
1449	0.4055034736	0.5602162616
1450	0.4054771752	0.5601890836
1451	0.4054242262	0.5601205384
1452	0.4053973215	0.5600882649
1453	0.4053450773	0.5600227392
1454	0.405296382	0.5599671655
1455	0.4052782133	0.5599444954
1456	0.4051604847	0.559791557
1457	0.4050799581	0.5597133252
1458	0.4050114671	0.5596403737
1459	0.4049949773	0.5596170379
1460	0.4049662825	0.5595840954
1461	0.404935792	0.5595516701
1462	0.4048574907	0.5594685482
1463	0.4048104935	0.5594180009
1464	0.4047309044	0.5593457499
1465	0.4047078992	0.5593215163
1466	0.4046611496	0.5592793063
1467	0.4045268387	0.5591174102
1468	0.4043997716	0.5589311456
1469	0.4043474738	0.5588748456
1470	0.4042501001	0.558778562
1471	0.4041810643	0.5586978491
1472	0.4041708424	0.5586855982
1473	0.4040654308	0.5585584344
1474	0.4039760487	0.5584635119
1475	0.4038632118	0.5583320258
1476	0.403763374	0.5582108253
1477	0.4037444921	0.558190599
1478	0.4036544738	0.5580793538
1479	0.4035520496	0.5579655309
1480	0.4034623565	0.5578613439
1481	0.4034104189	0.5578086199
1482	0.4033786012	0.5577745222
1483	0.4033221259	0.557720598
1484	0.4032774871	0.557675452
1485	0.4032137725	0.5576078812
1486	0.4031473198	0.5575287933
1487	0.4031263455	0.5575022716
1488	0.4030742797	0.5574389162
1489	0.403015298	0.5573690691
1490	0.4029702596	0.5573208707
1491	0.4029100644	0.5572467598
1492	0.4028533026	0.5571811968
1493	0.4027442654	0.5570744146
1494	0.4026223423	0.5569441879
1495	0.4025974701	0.5569227131
1496	0.4025256807	0.5568460083
1497	0.4024979246	0.5568171749
1498	0.4023987606	0.5567100971
1499	0.4023155513	0.5566196672
1500	0.4022942009	0.5565935617
1501	0.4022365139	0.5565279302
1502	0.402162082	0.5564458421
1503	0.4020796161	0.5563573904
1504	0.4020503303	0.5563248398
1505	0.4019902809	0.5562655174
1506	0.4019294585	0.5561961046
1507	0.4019168421	0.556183859
1508	0.4018549485	0.5561193801
1509	0.4018388856	0.5561028886
1510	0.4017795046	0.5560421333
1511	0.4017454001	0.5560032731
1512	0.4016281369	0.5558639706
1513	0.4015578062	0.5557709232
1514	0.4015312625	0.5557405924
1515	0.401419098	0.5556025883
1516	0.4013787234	0.5555569246
1517	0.401327934	0.5554974516
1518	0.4012334779	0.555403476
1519	0.4011109079	0.5552553377
1520	0.4010348712	0.5551634998
1521	0.4009676776	0.5550823049
1522	0.4009023799	0.5550104978
1523	0.4008945299	0.5550011493
1524	0.4008581222	0.5549617218
1525	0.4008336201	0.5549351678
1526	0.4007600333	0.5548444362
1527	0.400735871	0.5548179735
1528	0.4006757977	0.5547576611
1529	0.4005941827	0.554662206
1530	0.4005204747	0.5545802509
1531	0.400446467	0.5544910212
1532	0.4003537909	0.5543872273
1533	0.4003391887	0.5543736201
1534	0.4003016325	0.5543229629
1535	0.4002573924	0.5542803116
1536	0.4001736872	0.5541800735
1537	0.4001362856	0.5541378132
1538	0.4000514342	0.5540399735
1539	0.3999813736	0.5539680204
1540	0.3999590787	0.55394252
1541	0.3999101189	0.5538925003
1542	0.3998768108	0.5538582248
1543	0.3998220416	0.5537870928
1544	0.3997615538	0.5537092578
1545	0.399737606	0.5536795541
1546	0.3996825542	0.5536154095
1547	0.3996579001	0.5535904517
1548	0.3995625372	0.5534787701
1549	0.3994572615	0.5533716314
1550	0.3994091884	0.5533238364
1551	0.399343819	0.5532567357
1552	0.3992853431	0.5531816858
1553	0.3992064397	0.5530860118
1554	0.3991620349	0.5530383508
1555	0.3991360204	0.5530134756
1556	0.3990558276	0.5529203693
1557	0.3988955902	0.5527209645
1558	0.3988614106	0.5526714427
1559	0.3987784757	0.5525795148
1560	0.3987466493	0.5525522604
1561	0.3986878012	0.5524873636
1562	0.3986635564	0.5524633322
1563	0.3985978435	0.5523750991
1564	0.3984866023	0.5522448956
1565	0.3984138022	0.552163572
1566	0.398346025	0.5520866568
1567	0.3982903829	0.552021063
1568	0.398252098	0.5519792485
1569	0.3982431551	0.5519692438
1570	0.3982203255	0.5519453475
1571	0.3981927494	0.5519142051
1572	0.3981453176	0.5518645105
1573	0.3981025711	0.5518032246
1574	0.3980359522	0.5517216243
1575	0.3980205369	0.5517072398
1576	0.3979927158	0.5516810224
1577	0.397922053	0.5516138231
1578	0.3978638135	0.5515486982
1579	0.3977772246	0.551452312
1580	0.397713243	0.5513801641
1581	0.3976570303	0.5513258816
1582	0.3975377054	0.5511914426
1583	0.397475163	0.5511224974
1584	0.397443693	0.5510846167
1585	0.3974349365	0.5510732569
1586	0.3973862068	0.5510115428
1587	0.3973443056	0.5509609895
1588	0.3972309535	0.5508453748
1589	0.3971769626	0.5507789256
1590	0.3971596087	0.5507623181
1591	0.397088024	0.550688338
1592	0.3970444964	0.5506433437
1593	0.3969649356	0.5505496524
1594	0.3968534978	0.5504275725
1595	0.3968151839	0.5503853413
1596	0.3967964168	0.5503662662
1597	0.3967246322	0.5502894352
1598	0.3966473356	0.5501888299
1599	0.3966175503	0.5501583325
1600	0.3965745001	0.5501110292
1601	0.3965370947	0.5500720259
1602	0.3964777628	0.550005009
1603	0.3964236089	0.5499394544
1604	0.3964015377	0.5499166136
1605	0.3962998447	0.5498127072
1606	0.3962502012	0.5497664539
1607	0.3962007768	0.5497126053
1608	0.3961260866	0.5496220673
1609	0.3960493837	0.5495290999
1610	0.3959399221	0.5494155524
1611	0.3958654793	0.5493326133
1612	0.3957867335	0.5492436198
1613	0.3957518751	0.5491972169
1614	0.3956494475	0.5490613656
1615	0.3956081532	0.5490202735
1616	0.3955373314	0.54893759
1617	0.3954884487	0.5488852333
1618	0.3954348915	0.5488255879
1619	0.3953724313	0.5487611903
1620	0.3953274483	0.5487117827
1621	0.3952492111	0.5486236156
1622	0.3951843187	0.5485528091
1623	0.3950950774	0.5484462308
1624	0.395017406	0.5483583455
1625	0.3949672325	0.5482942371
1626	0.394939238	0.5482590193
1627	0.3949044434	0.5482168307
1628	0.3948689403	0.5481797645
1629	0.3948487643	0.5481608953
1630	0.3948252915	0.5481285439
1631	0.3947824184	0.548080436
1632	0.3947217585	0.5480050957
1633	0.3946562537	0.5479258358
1634	0.3945367085	0.5477946349
1635	0.3944224074	0.5476574874
1636	0.3943660031	0.547595729
1637	0.3942514282	0.5474416238
1638	0.3942155988	0.5474030849
1639	0.3942038737	0.5473896273
1640	0.3941702203	0.5473548614
1641	0.3940931492	0.5472622542
1642	0.3940261271	0.5471745588
1643	0.3939824057	0.5471191853
1644	0.3938303268	0.5469507727
1645	0.3937181137	0.5468251696
1646	0.3937091968	0.5468132624
1647	0.3935360617	0.5466072663
1648	0.3934693743	0.5465275591
1649	0.3934043696	0.5464513997
1650	0.3933532953	0.5463912166
1651	0.3933140903	0.5463529289
1652	0.3932763455	0.5463099307
1653	0.3932451598	0.5462780609
1654	0.3932170825	0.5462446205
1655	0.3931718946	0.5461981314
1656	0.3930691983	0.5460724388
1657	0.393015268	0.5460142017
1658	0.3929535393	0.5459375197
1659	0.39286085	0.545819329
1660	0.3928242492	0.5457772763
1661	0.3927916234	0.5457404479
1662	0.3927197633	0.545658631
1663	0.3926379737	0.5455578568
1664	0.3925240022	0.5454556803
1665	0.3924780389	0.5454086172
1666	0.3924325786	0.5453566169
1667	0.3924075349	0.5453317435
1668	0.3922732873	0.5451780652
1669	0.3921972627	0.5450894387
1670	0.3921268454	0.545011039
1671	0.3921027775	0.544979005
1672	0.392031099	0.544902815
1673	0.3919476724	0.544813718
1674	0.3918987329	0.5447553161
1675	0.3918184465	0.5446622665
1676	0.3917467745	0.544585365
1677	0.3916902559	0.5445278489
1678	0.391612912	0.5444319366
1679	0.391564558	0.5443745437
1680	0.3915032457	0.5443018397
1681	0.391479954	0.5442803412
1682	0.3914237389	0.5442103223
1683	0.3913733219	0.5441521113
1684	0.3913469512	0.5441230508
1685	0.3912957635	0.5440584239
1686	0.3912474105	0.5439971143
1687	0.3911371517	0.5438672823
1688	0.3911179615	0.5438474985
1689	0.3910413611	0.5437623399
1690	0.3910165167	0.5437342412
1691	0.3909394778	0.5436344134
1692	0.390895641	0.5435827843
1693	0.390782138	0.5434657482
1694	0.3907437285	0.5434256991
1695	0.3906780146	0.5433516335
1696	0.3906040988	0.5432637855
1697	0.3905691373	0.5432209973
1698	0.3905237585	0.5431728412
1699	0.3904614571	0.5431098972
1700	0.3903534345	0.542965835
1701	0.3903093758	0.5429145354
1702	0.3902446063	0.5428374053
1703	0.3901375759	0.5427073677
1704	0.3901038514	0.5426673533
1705	0.3900062108	0.542556302
1706	0.3899372769	0.5424867397
1707	0.3898827521	0.5424249699
1708	0.3897651812	0.5422885181
1709	0.3897282761	0.5422474082
1710	0.3896767026	0.5421892656
1711	0.3895975012	0.5421065497
1712	0.3895368577	0.5420403778
1713	0.389512735	0.5420134002
1714	0.3894091954	0.5418879288
1715	0.3893602366	0.5418357873
1716	0.3892534572	0.541711211
1717	0.3891708954	0.5416075114
1718	0.3890973396	0.5415292486
1719	0.3890666704	0.5414932113
1720	0.3890006515	0.5414221287
1721	0.3889478953	0.5413590361
1722	0.3889049841	0.5413162839
1723	0.3888413691	0.5412734755
1724	0.3887794733	0.5411997134
1725	0.3887470223	0.5411673316
1726	0.3886147089	0.5410081709
1727	0.3885689802	0.5409693
1728	0.3885230913	0.5409135778
1729	0.3884644743	0.5408597088
1730	0.3884375258	0.5408276418
1731	0.388407151	0.5407988547
1732	0.3883912231	0.5407792773
1733	0.3883331919	0.5407218163
1734	0.3882688037	0.5406420391
1735	0.3881167198	0.5404524291
1736	0.3880676037	0.5403969928
1737	0.3879823522	0.5402975302
1738	0.3879079374	0.5402117314
1739	0.3878346798	0.5401399176
1740	0.3878245311	0.540131233
1741	0.3877893949	0.5400921828
1742	0.3877680142	0.5400657017
1743	0.3877477899	0.5400448438
1744	0.3876952023	0.5399699694
1745	0.3876291276	0.5398984958
1746	0.3875815564	0.5398376346
1747	0.3875130214	0.5397533127
1748	0.3874730878	0.5397046604
1749	0.3873440364	0.5395426799
1750	0.3873158234	0.5395148536
1751	0.3872127651	0.5393989321
1752	0.3871681479	0.5393584744
1753	0.3871424291	0.5393269936
1754	0.387089672	0.5392615694
1755	0.3870499375	0.5392144247
1756	0.3869617049	0.5391226319
1757	0.3869166923	0.5390697009
1758	0.386877467	0.5390338373
1759	0.3868417722	0.5389896772
1760	0.3868327507	0.5389803301
1761	0.3867811433	0.5389287729
1762	0.3867545185	0.5388955974
1763	0.3866854357	0.5388187184
1764	0.3866626593	0.5388000495
1765	0.3865601097	0.5386607053
1766	0.3865225443	0.5386217345
1767	0.3864187098	0.5385187583
1768	0.3863691302	0.53845909
1769	0.3863241334	0.5384086699
1770	0.3862744985	0.5383534786
1771	0.3862240741	0.5383030127
1772	0.386183298	0.5382640544
1773	0.3861219516	0.5381710403
1774	0.3860303569	0.5380600357
1775	0.3859833356	0.5380042818
1776	0.3859269494	0.5379473351
1777	0.3858956583	0.5379142277
1778	0.3858812353	0.537897796
1779	0.385814119	0.5378277359
1780	0.3857965091	0.5378085851
1781	0.3856951785	0.5376745688
1782	0.3856412216	0.5376019847
1783	0.385570751	0.5375125552
1784	0.3855158683	0.5374608051
1785	0.385436397	0.5373530964
1786	0.3853478492	0.5372586353
1787	0.3852110406	0.5370915681
1788	0.3851192136	0.5369922511
1789	0.3850850365	0.5369562609
1790	0.3850479741	0.5369093707
1791	0.3849555185	0.5367876539
1792	0.3848557493	0.5366622307
1793	0.3848014078	0.5366091429
1794	0.3847320566	0.5365340432
1795	0.3846886602	0.5364854565
1796	0.3845769889	0.5363462698
1797	0.3845161004	0.5362770808
1798	0.3844115131	0.5361587463
1799	0.3843463241	0.536097437
1800	0.384316565	0.5360615455
1801	0.384240001	0.5359768169
1802	0.3841476796	0.5358709884
1803	0.384078684	0.5358013791
1804	0.3840337436	0.5357512511
1805	0.3839671757	0.5356716603
1806	0.3838689964	0.5355518485
1807	0.3837491258	0.535403067
1808	0.3837352158	0.5353898851
1809	0.3837196714	0.5353693448
1810	0.383666604	0.53531354
1811	0.3836163634	0.5352563629
1812	0.3835274254	0.5351632953
1813	0.3834440054	0.5350832975
1814	0.3833809267	0.5350124852
1815	0.3833542228	0.5349816328
1816	0.3833159666	0.5349361001
1817	0.3832717517	0.5348854652
1818	0.3832470378	0.5348588802
1819	0.3832259075	0.5348339998
1820	0.3832010671	0.534802507
1821	0.3831849797	0.5347863346
1822	0.3831351451	0.5347232812
1823	0.3830971848	0.5346828182
1824	0.3830890067	0.5346716359
1825	0.3829783589	0.5345568458
1826	0.3828695883	0.534424309
1827	0.3828323335	0.5343806563
1828	0.3827843043	0.5343273361
1829	0.3827336707	0.5342727938
1830	0.3826485851	0.5341666699
1831	0.3825559625	0.5340744912
1832	0.3825162124	0.5340377279
1833	0.3824526782	0.5339660156
1834	0.3823915954	0.5338949695
1835	0.3823417602	0.5338382929
1836	0.3822802407	0.5337738809
1837	0.3822158808	0.5336932969
1838	0.3821578503	0.5336261303
1839	0.3820716781	0.533520196
1840	0.3819861595	0.5334088295
1841	0.3819556348	0.533378405
1842	0.3819121091	0.5333314441
1843	0.3818477241	0.5332473958
1844	0.3817773105	0.5331727558
1845	0.3817577598	0.5331577596
1846	0.3817297567	0.5331240041
1847	0.3816824043	0.5330671196
1848	0.3816507958	0.5330331447
1849	0.3815847322	0.5329435383
1850	0.3815104122	0.5328528881
1851	0.3814268575	0.532746881
1852	0.3814173772	0.532740331
1853	0.3813685986	0.532687813
1854	0.3812869893	0.5325978556
1855	0.3811596547	0.5324575713
1856	0.3810858594	0.5323693111
1857	0.3810676148	0.5323520635
1858	0.3810157141	0.5323037701
1859	0.3809653331	0.5322409323
1860	0.3808833978	0.5321517325
1861	0.3808568683	0.5321235887
1862	0.3807775828	0.5320413859
1863	0.3807396691	0.5320059066
1864	0.3806889544	0.531947598
1865	0.3806013974	0.5318498963
1866	0.3805483496	0.5317833279
1867	0.3805246808	0.5317572905
1868	0.3803918021	0.5315984468
1869	0.3803433477	0.5315460929
1870	0.3803330101	0.5315343374
1871	0.3802773952	0.5314689758
1872	0.380220925	0.5314059433
1873	0.3801749454	0.531353526
1874	0.3800724829	0.5312302524
1875	0.38000724	0.5311585812
1876	0.3799518577	0.5310987333
1877	0.3799288578	0.5310735927
1878	0.3798641238	0.5310066116
1879	0.3798343308	0.5309780586
1880	0.3797834971	0.5309247255
1881	0.3797637198	0.5309060167
1882	0.3797116367	0.5308508738
1883	0.3796587727	0.5307998478
1884	0.3796042651	0.5307328766
1885	0.3795686881	0.5306891924
1886	0.3794795044	0.5305792958
1887	0.379454003	0.5305426314
1888	0.3794192401	0.5305106687
1889	0.3793476736	0.5304252729
1890	0.3792507532	0.5303153014
1891	0.3792125115	0.5302710119
1892	0.3791646966	0.5302032372
1893	0.3790232475	0.5300489024
1894	0.3789905001	0.530008878
1895	0.3789100763	0.5299214215
1896	0.3787981277	0.5297915841
1897	0.3787109052	0.5296891488
1898	0.3786882976	0.5296665864
1899	0.3785900123	0.5295809444
1900	0.3785085748	0.5294792953
1901	0.3784647625	0.5294336996
1902	0.3783905697	0.5293389018
1903	0.3783355023	0.5292763964
1904	0.3782912608	0.5292296949
1905	0.378240601	0.5291687773
1906	0.3781888252	0.5291115457
1907	0.3781494508	0.529069176
1908	0.3781162953	0.5290276138
1909	0.3780754521	0.5289724329
1910	0.3779580481	0.5288186075
1911	0.3779538391	0.5288161233
1912	0.3779395637	0.5288011499
1913	0.377871212	0.5287319227
1914	0.3777793486	0.5286480383
1915	0.3777013332	0.5285549874
1916	0.3776810432	0.5285337952
1917	0.377643114	0.5284945182
1918	0.3775616099	0.5283941213
1919	0.3775043031	0.5283224032
1920	0.3774583601	0.528274981
1921	0.3773829475	0.5281782415
1922	0.3773486807	0.5281362172
1923	0.3773271665	0.5281123203
1924	0.3772252512	0.5279927245
1925	0.3771771921	0.5279430537
1926	0.3770927968	0.5278548162
1927	0.3770508158	0.527801725
1928	0.3769568678	0.5276869617
1929	0.3769006571	0.5276256216
1930	0.3768034105	0.5275058386
1931	0.3767635891	0.5274598676
1932	0.3767115711	0.5274020025
1933	0.3766720674	0.5273526305
1934	0.3766523612	0.5273341624
1935	0.3765363459	0.5271906677
1936	0.3764903871	0.5271290093
1937	0.3763558845	0.5269669377
1938	0.3762869545	0.5268944526
1939	0.3762284329	0.5268318063
1940	0.3761894897	0.5267907499
1941	0.3761075772	0.526695373
1942	0.3760512738	0.5266325284
1943	0.3760261827	0.5266041629
1944	0.3759390152	0.5265036035
1945	0.3758798955	0.5264303968
1946	0.3758256897	0.5263595102
1947	0.3757424077	0.5262625826
1948	0.3757027026	0.526222698
1949	0.3756637697	0.5261761607
1950	0.3756170118	0.5261248938
1951	0.3755816778	0.5260826596
1952	0.3755060161	0.5259910594
1953	0.3754753343	0.5259528295
1954	0.3754408849	0.5259206242
1955	0.3754132894	0.5258843471
1956	0.3753675777	0.52582925
1957	0.3752368792	0.5256586061
1958	0.3751755587	0.5255845778
1959	0.3750271082	0.5253930051
1960	0.3749897304	0.5253540818
1961	0.3749312338	0.5252894592
1962	0.3748544816	0.525201914
1963	0.3747630373	0.5250778327
1964	0.3746794291	0.5249717682
1965	0.3746071682	0.5248987446
1966	0.3745065083	0.5247797301
1967	0.3744748586	0.5247473989
1968	0.3744090418	0.5246647755
1969	0.3743643486	0.5246067944
1970	0.3743153222	0.5245568147
1971	0.3742756346	0.5245069243
1972	0.3742084508	0.5244395819
1973	0.3741375979	0.5243601792
1974	0.3740421979	0.5242386634
1975	0.3740008179	0.5241972041
1976	0.3739018838	0.5240803163
1977	0.3738324345	0.5239829813
1978	0.3737673926	0.5239080156
1979	0.3737327905	0.5238648296
1980	0.3737017639	0.5238382349
1981	0.3736271518	0.5237437159
1982	0.3735498094	0.5236555272
1983	0.3734780927	0.5235823844
1984	0.3734173986	0.5235004133
1985	0.3734098832	0.5234939694
1986	0.3733164707	0.5233829275
1987	0.3732817268	0.5233454116
1988	0.3732123815	0.5232634277
1989	0.373164217	0.5232076418
1990	0.3731090558	0.5231478181
1991	0.3730255723	0.523040685
1992	0.3730093726	0.5230229237
1993	0.3729204222	0.5229083748
1994	0.3728909654	0.5228809805
1995	0.3728178967	0.5228055989
1996	0.3728029731	0.5227912156
1997	0.3727161163	0.5226792909
1998	0.3727075017	0.5226691357
1999	0.3726673558	0.5226173679
2000	0.372574823	0.5225189292
2001	0.3725551136	0.5224995806
2002	0.3724760195	0.522419074
2003	0.3724410647	0.522380847
2004	0.3723721254	0.5223044922
2005	0.3723090328	0.5222363796
2006	0.372287317	0.5222115389
2007	0.3722538473	0.5221714698
2008	0.3722273364	0.5221433701
2009	0.3722057216	0.5221179467
2010	0.3721619634	0.5220704991
2011	0.3720949415	0.5219971556
2012	0.3720128834	0.5219230935
2013	0.3719723427	0.5218859237
2014	0.3719082804	0.5218106956
2015	0.3718724035	0.521769796
2016	0.3718485863	0.5217409317
2017	0.3718093792	0.5216970615
2018	0.3717504114	0.5216301355
2019	0.3716809647	0.5215458145
2020	0.3716390975	0.5215020177
2021	0.3715890802	0.5214362463
2022	0.371540685	0.5213832592
2023	0.3714636221	0.5212955628
2024	0.3714308334	0.5212638145
2025	0.3713998645	0.5212315107
2026	0.3713661224	0.5211954781
2027	0.371338794	0.5211685184
2028	0.3713107425	0.5211384621
2029	0.3712855995	0.5211042481
2030	0.3711862909	0.5209990543
2031	0.3711006251	0.5208905707
2032	0.3710636938	0.5208446649
2033	0.3710210394	0.5208009391
2034	0.3708909178	0.5206205001
2035	0.3708338092	0.5205441819
2036	0.3707853875	0.5204912858
2037	0.3707488293	0.5204521379
2038	0.370707235	0.5204139589
2039	0.370627967	0.5203150973
2040	0.3705830584	0.520257495
2041	0.370560903	0.5202385376
2042	0.370467049	0.5201263042
2043	0.3704097163	0.5200702985
2044	0.3703916882	0.5200483067
2045	0.3703353952	0.519983241
2046	0.3702634725	0.5198996815
2047	0.3702297831	0.5198630214
2048	0.3701680326	0.5197835462
2049	0.3701186141	0.5197248421
2050	0.3700880871	0.5196867603
2051	0.3700422931	0.5196400202
2052	0.3699795336	0.5195709341
2053	0.3698890734	0.5194695682
2054	0.3698526214	0.5194198931
2055	0.369829711	0.5194006458
2056	0.3698112059	0.5193834605
2057	0.3697726897	0.5193307949
2058	0.3697187747	0.5192733394
2059	0.3696336061	0.5191713631
2060	0.3695852972	0.5191050556
2061	0.3695595496	0.5190762552
2062	0.369541037	0.5190538455
2063	0.3694476347	0.5189480452
2064	0.3693667797	0.5188455447
2065	0.3693128641	0.5187802862
2066	0.369167235	0.518608699
2067	0.3691345669	0.5185759583
2068	0.3690970716	0.5185288347
2069	0.3690102573	0.5184295495
2070	0.3689533319	0.5183758053
2071	0.3688961866	0.5183098743
2072	0.3688496735	0.5182564258
2073	0.3687877598	0.518183368
2074	0.3687514145	0.5181346462
2075	0.3686869496	0.5180556946
2076	0.3686108211	0.5179617417
2077	0.3685956132	0.5179448008
2078	0.36853778	0.5178820957
2079	0.3684908488	0.5178284274
2080	0.3684442128	0.5177796774
2081	0.3684225939	0.5177542904
2082	0.3683348175	0.517665861
2083	0.3683236915	0.5176566621
2084	0.3682862265	0.517614471
2085	0.3682192508	0.5175396569
2086	0.3681951104	0.5175119564
2087	0.3681708067	0.5174872562
2088	0.3680850482	0.5173800933
2089	0.3680167977	0.5173107425
2090	0.3679993879	0.5172883668
2091	0.3678539381	0.5170988687
2092	0.3678014306	0.5170368005
2093	0.3677639475	0.5169945305
2094	0.3677243429	0.5169408347
2095	0.3677067402	0.5169144722
2096	0.3676475567	0.5168492041
2097	0.3676264386	0.5168270115
2098	0.3676141617	0.5168156367
2099	0.3675956953	0.5167971031
2100	0.3675201173	0.5167211247
2101	0.3675046409	0.5167041733
2102	0.3674355326	0.5166169244
2103	0.3673688491	0.5165358165
2104	0.36733221	0.5164963484
2105	0.3672500828	0.5164103804
2106	0.3671843073	0.5163486268
2107	0.3671306303	0.516287609
2108	0.3670796879	0.5162277024
2109	0.3670303193	0.5161663373
2110	0.3670010729	0.51613321
2111	0.3669623824	0.5160889165
2112	0.3668483067	0.5159531934
2113	0.366791332	0.5158782423
2114	0.3667045915	0.5157714389
2115	0.3666857753	0.5157559427
2116	0.3665760234	0.5156156307
2117	0.3664804539	0.5155152127
2118	0.3664375359	0.5154516485
2119	0.3664239107	0.5154306965
2120	0.3663728171	0.515374127
2121	0.3663137127	0.515304972
2122	0.3662437272	0.5152265986
2123	0.3660706724	0.5150367805
2124	0.3659575846	0.5149123721
2125	0.3658667322	0.5148198941
2126	0.3658154686	0.5147645819
2127	0.3658092484	0.5147571239
2128	0.3657809458	0.5147286234
2129	0.3657469091	0.5146856458
2130	0.3657103945	0.5146487545
2131	0.365583153	0.5144842402
2132	0.3655103338	0.5143929171
2133	0.3654584578	0.5143217362
2134	0.3653678272	0.514212921
2135	0.3652941927	0.5141223113
2136	0.3652491352	0.5140822495
2137	0.3651944814	0.5140317796
2138	0.3651458744	0.5139757071
2139	0.3650967978	0.5139154296
2140	0.3650493717	0.5138606778
2141	0.3650336896	0.5138440265
2142	0.3649671167	0.5137718981
2143	0.3649298408	0.5137346058
2144	0.3649140872	0.5137193908
2145	0.3648638624	0.5136654577
2146	0.3648453079	0.5136401601
2147	0.3647899189	0.5135837794
2148	0.3647529374	0.513543725
2149	0.3646737633	0.513452174
2150	0.3645815383	0.5133374506
2151	0.364561829	0.5133137417
2152	0.364513322	0.513263357
2153	0.3644755623	0.5132168512
2154	0.3643759862	0.5131079295
2155	0.3642779132	0.5129801196
2156	0.364142315	0.5128294094
2157	0.3640859343	0.5127637673
2158	0.3640227507	0.5126948901
2159	0.363948512	0.5126220152
2160	0.3638723924	0.5125359847
2161	0.3638182456	0.5124725508
2162	0.3637646453	0.5124127106
2163	0.3637079386	0.5123573851
2164	0.3636573376	0.5123052647
2165	0.3636325087	0.5122794239
2166	0.3635535736	0.5121977004
2167	0.3634926442	0.5121426225
2168	0.3634491391	0.5120920856
2169	0.3633901356	0.5120239529
2170	0.3633148331	0.5119501526
2171	0.3632803893	0.5119091482
2172	0.3632102576	0.5118181022
2173	0.3631854623	0.5117907782
2174	0.3631538185	0.5117595078
2175	0.3631160452	0.5117110043
2176	0.3630796887	0.5116714986
2177	0.3630382454	0.511626337
2178	0.3629766566	0.5115593212
2179	0.3629500665	0.5115302917
2180	0.362931181	0.5115097712
2181	0.3628767481	0.5114412143
2182	0.3628387218	0.5113938324
2183	0.3627353559	0.5112773136
2184	0.3626113304	0.5111448537
2185	0.3625468204	0.511073456
2186	0.3625318748	0.5110574458
2187	0.3624230591	0.5109334304
2188	0.3623436952	0.5108379002
2189	0.3623047461	0.510785595
2190	0.3622370079	0.5107163131
2191	0.3621525102	0.5106263677
2192	0.3621123924	0.5105833747
2193	0.3620690355	0.5105473053
2194	0.3620390461	0.5105119425
2195	0.3619925571	0.5104663296
2196	0.361889629	0.5103437962
2197	0.3618683901	0.5103190423
2198	0.3618232594	0.5102656418
2199	0.3617378139	0.5101764046
2200	0.3617175192	0.5101522435
2201	0.3616901931	0.5101198985
2202	0.3616668732	0.5100948714
2203	0.3615334968	0.5098979073
2204	0.3615158493	0.5098744247
2205	0.3614198683	0.5097698155
2206	0.3613854774	0.5097323635
2207	0.3613507068	0.5096975641
2208	0.3613206807	0.5096598625
2209	0.3612991869	0.5096351924
2210	0.3612464605	0.509577273
2211	0.3611861004	0.5095154573
2212	0.3611558216	0.5094804938
2213	0.3611241096	0.5094392046
2214	0.3610690467	0.5093780758
2215	0.3610261153	0.5093359956
2216	0.3609493591	0.5092322785
2217	0.3609134806	0.5091865061
2218	0.3608293715	0.5091031963
2219	0.3607848341	0.5090479342
2220	0.3607175262	0.5089809162
2221	0.3606483579	0.5089005915
2222	0.3605900601	0.5088368492
2223	0.3605187294	0.5087484131
2224	0.360472215	0.5086991698
2225	0.3604271452	0.5086507322
2226	0.3603597621	0.5085753048
2227	0.3603024354	0.5085081165
2228	0.3602875348	0.5084922106
2229	0.3602474097	0.5084496635
2230	0.3602064187	0.508406067
2231	0.3601660824	0.5083536287
2232	0.3601395206	0.5083243936
2233	0.3600924768	0.5082707968
2234	0.3600561704	0.5082334875
2235	0.3600366764	0.5082127179
2236	0.3599722165	0.5081329127
2237	0.3599647849	0.5081249668
2238	0.3599375031	0.5080950735
2239	0.3598659166	0.50801002
2240	0.3597817503	0.5079144579
2241	0.3597438268	0.5078641344
2242	0.3597146835	0.5078355948
2243	0.3596602435	0.5077756793
2244	0.3596098415	0.5077110005
2245	0.3595820709	0.5076828589
2246	0.3595181445	0.5076169895
2247	0.3594676686	0.5075601869
2248	0.3593925127	0.5074585008
2249	0.3593321047	0.5073917154
2250	0.3592722176	0.5073183216
2251	0.3592391978	0.5072799154
2252	0.3591932827	0.5072295649
2253	0.3591579411	0.5071897485
2254	0.3590459067	0.5070434146
2255	0.359013126	0.5069979542
2256	0.3589978035	0.5069844685
2257	0.358927924	0.5069025779
2258	0.358897645	0.5068718608
2259	0.3588633052	0.506835711
2260	0.3588113417	0.5067733702
2261	0.3587791741	0.5067381479
2262	0.3587676721	0.5067259834
2263	0.3586803776	0.5066131386
2264	0.3586255117	0.5065499961
2265	0.3585410409	0.5064358519
2266	0.3584798622	0.5063701898
2267	0.3584611475	0.5063432421
2268	0.3583679965	0.5062283082
2269	0.3583436984	0.5062001904
2270	0.3582995792	0.5061554309
2271	0.3582449886	0.5060914869
2272	0.3581997411	0.5060388898
2273	0.3581774282	0.5060117448
2274	0.3581553358	0.5059864545
2275	0.3580868459	0.5059184047
2276	0.3580424056	0.5058717534
2277	0.3580152422	0.5058465184
2278	0.3579760596	0.5058047821
2279	0.3579263396	0.5057502538
2280	0.3578987117	0.5057195676
2281	0.3578475902	0.5056539149
2282	0.3578263592	0.5056270232
2283	0.3577935305	0.5055845106
2284	0.3577593842	0.5055430973
2285	0.3577122246	0.5054832248
2286	0.3577012263	0.5054730413
2287	0.3576742528	0.5054416935
2288	0.3576268394	0.5053819284
2289	0.3575921297	0.5053398803
2290	0.3574881228	0.5051965103
2291	0.3574615571	0.5051641404
2292	0.3574144699	0.5051165295
2293	0.3573253165	0.5050255225
2294	0.3572779214	0.5049721406
2295	0.3572084212	0.5048887243
2296	0.3571806343	0.5048600808
2297	0.3571360408	0.5048085373
2298	0.3571134316	0.5047867198
2299	0.3570307282	0.5046833199
2300	0.3569464645	0.5045801391
2301	0.3569103269	0.5045445423
2302	0.3568281717	0.5044510436
2303	0.3568039784	0.5044274645
2304	0.3567732289	0.5043922985
2305	0.3567352464	0.5043458062
2306	0.3567068957	0.5043111505
2307	0.3566747179	0.5042799211
2308	0.3565894623	0.5041841436
2309	0.3565444994	0.5041301496
2310	0.3564600341	0.5040384862
2311	0.3563474309	0.5038861674
2312	0.3563299179	0.5038641087
2313	0.3563155415	0.5038518762
2314	0.3562943859	0.5038242786
2315	0.3562499124	0.5037757782
2316	0.3562225035	0.5037436957
2317	0.3561740211	0.5036922772
2318	0.3561246501	0.5036367916
2319	0.3560970479	0.5036055352
2320	0.3560143745	0.5035079082
2321	0.355978387	0.5034629924
2322	0.3559374839	0.5034151002
2323	0.3558600274	0.5033139917
2324	0.3558405067	0.503282065
2325	0.3558026846	0.5032397881
2326	0.3557391162	0.5031533396
2327	0.3556823431	0.5030910795
2328	0.3556494246	0.5030495863
2329	0.3556065447	0.5030005068
2330	0.3555594359	0.5029585745
2331	0.3555347028	0.5029315192
2332	0.3554607646	0.5028427821
2333	0.3553576386	0.502712799
2334	0.3553101349	0.5026631529
2335	0.3552782567	0.5026226541
2336	0.3551435607	0.5024502518
2337	0.3550651287	0.5023611054
2338	0.3550371848	0.5023351148
2339	0.3549733447	0.5022551532
2340	0.3549034345	0.5021665122
2341	0.3548520381	0.5021131929
2342	0.3547983164	0.5020474859
2343	0.3547616692	0.5020084288
2344	0.3547237378	0.5019653125
2345	0.3546627709	0.5019029386
2346	0.3545624298	0.5017870449
2347	0.3544523779	0.5016554108
2348	0.3544122339	0.5016077903
2349	0.354371739	0.5015595156
2350	0.3543228732	0.501498686
2351	0.3542701099	0.5014346598
2352	0.3542431463	0.5014030084
2353	0.3541811127	0.5013300976
2354	0.3540771216	0.5012240745
2355	0.3539865051	0.5011212875
2356	0.3539242425	0.5010482147
2357	0.3539015794	0.5010183244
2358	0.3538165668	0.5009235369
2359	0.3537901145	0.5008900308
2360	0.3537314263	0.5008231762
2361	0.353708817	0.5007955327
2362	0.3536777255	0.5007647308
2363	0.35366689	0.5007536572
2364	0.3536461206	0.5007254611
2365	0.3536162001	0.5006955331
2366	0.3535785028	0.5006417849
2367	0.3535327367	0.5005833566
2368	0.353494632	0.5005480948
2369	0.3534700145	0.5005198427
2370	0.3534601132	0.5005128946
2371	0.3534137606	0.5004667837
2372	0.3533938287	0.5004455626
2373	0.3533410508	0.5003803141
2374	0.3532789516	0.5003128319
2375	0.353249212	0.5002791632
2376	0.3531837212	0.5002004762
2377	0.353129813	0.5001358218
2378	0.353078689	0.5000799405
2379	0.3530426048	0.5000392908
2380	0.3530256239	0.5000237674
2381	0.3529790017	0.499965099
2382	0.3529040326	0.4998835858
2383	0.3528245261	0.4997811541
2384	0.352784822	0.4997321576
2385	0.3527676582	0.4997146863
2386	0.3527199975	0.4996526836
2387	0.35267577	0.4995901577
2388	0.3525858534	0.4994896681
2389	0.3525746419	0.4994787406
2390	0.3524969118	0.4993800164
2391	0.3524750123	0.4993581967
2392	0.3524430196	0.4993185151
2393	0.352398531	0.499266852
2394	0.3523219669	0.4991640389
2395	0.352257361	0.4990870036
2396	0.3522052292	0.4990202116
2397	0.3521660334	0.4989728571
2398	0.3521042533	0.4989073004
2399	0.3520323814	0.4988359601
2400	0.3519705837	0.4987616377
2401	0.3518766977	0.4986553024
2402	0.3518365147	0.498612495
2403	0.3518047866	0.4985787888
2404	0.3517730426	0.4985404304
2405	0.3517272946	0.4984900243
2406	0.3516901704	0.4984533093
2407	0.3516254286	0.4983717166
2408	0.3515799978	0.4983152238
2409	0.3515246416	0.4982555961
2410	0.3514583174	0.4981809071
2411	0.3513772944	0.4980891303
2412	0.351317732	0.4980200138
2413	0.3512875888	0.497991598
2414	0.3512191119	0.4979133212
2415	0.3511981985	0.4978911909
2416	0.3511563547	0.4978469709
2417	0.3510840929	0.4977487014
2418	0.3510464798	0.4977041249
2419	0.3510100308	0.4976644784
2420	0.3509766289	0.4976295672
2421	0.350948685	0.4976004585
2422	0.3509029935	0.4975533019
2423	0.35089172	0.497543561
2424	0.3508256992	0.4974541909
2425	0.350796324	0.4974149771
2426	0.3507007073	0.497312685
2427	0.3506883801	0.4973018021
2428	0.3506589153	0.4972635043
2429	0.3506359	0.4972358146
2430	0.3505946402	0.4971845575
2431	0.3505459799	0.4971386029
2432	0.3505090188	0.4970942199
2433	0.3503676388	0.4968878774
2434	0.3503329421	0.4968483693
2435	0.350262719	0.4967649605
2436	0.3502263862	0.4967148
2437	0.3502036425	0.4966921368
2438	0.3501468745	0.4966256542
2439	0.350066614	0.4965500642
2440	0.3499852799	0.4964509715
2441	0.3498739399	0.496308027
2442	0.3498182717	0.4962458098
2443	0.3497837152	0.496200432
2444	0.3497349628	0.4961389274
2445	0.3497155442	0.4961105128
2446	0.3496614514	0.4960443831
2447	0.3496281739	0.4960045986
2448	0.3495918598	0.4959708368
2449	0.349571349	0.4959512761
2450	0.349498596	0.4958701047
2451	0.3494482936	0.4958174092
2452	0.3493998614	0.4957666473
2453	0.3493702831	0.4957278838
2454	0.3493558107	0.4957142026
2455	0.3493086479	0.4956587731
2456	0.3492666848	0.4956048476
2457	0.3492339966	0.4955702322
2458	0.3491246733	0.4954295557
2459	0.3490637516	0.4953674319
2460	0.3490383606	0.4953401958
2461	0.3490209404	0.4953214171
2462	0.3489359422	0.4952192349
2463	0.3488605984	0.4951274649
2464	0.3488147165	0.495081955
2465	0.3487686896	0.4950310155
2466	0.3487290358	0.4949842285
2467	0.3486836912	0.4949263367
2468	0.3486250142	0.4948694862
2469	0.3485813067	0.4948264033
2470	0.3485247718	0.4947599813
2471	0.3484701935	0.4946968686
2472	0.3484121458	0.4946358381
2473	0.3483701331	0.4945931934
2474	0.3482912784	0.4945111214
2475	0.3482563627	0.494475475
2476	0.3482125902	0.4944093605
2477	0.3481305329	0.4943064345
2478	0.3480876327	0.4942581487
2479	0.3480060918	0.4941742308
2480	0.3479615657	0.4941288654
2481	0.347933618	0.4940911834
2482	0.3479127943	0.4940705137
2483	0.347839718	0.4939839654
2484	0.347782076	0.4939167755
2485	0.3477401656	0.493867406
2486	0.3477281849	0.4938543979
2487	0.3476898622	0.4938093303
2488	0.3476555998	0.4937724513
2489	0.3476147978	0.4937340023
2490	0.3476077602	0.49372539
2491	0.3475709095	0.4936835305
2492	0.3475383966	0.4936474842
2493	0.3475161059	0.493623935
2494	0.3474854179	0.4935838603
2495	0.34746924	0.4935660216
2496	0.3474265473	0.493520287
2497	0.3473974979	0.4934886473
2498	0.3473422527	0.4934182065
2499	0.3472753661	0.4933444364
2500	0.3472290108	0.4932924229
2501	0.3471402439	0.493207189
2502	0.3471263924	0.4931946513
2503	0.3470944787	0.4931600205
2504	0.3470720453	0.493135346
2505	0.3470248155	0.4930815825
2506	0.3470138876	0.4930720677
2507	0.3469652037	0.4930188608
2508	0.3468482937	0.4928982253
2509	0.3467736423	0.4928094876
2510	0.3467407391	0.4927746873
2511	0.3467221493	0.4927572245
2512	0.3466712428	0.4926985756
2513	0.3466038173	0.4926268735
2514	0.346587346	0.4926084314
2515	0.346541153	0.4925575911
2516	0.3464935372	0.4924882645
2517	0.3464686514	0.4924607794
2518	0.3463700989	0.4923507531
2519	0.3462973258	0.4922775787
2520	0.3462798141	0.4922556941
2521	0.3462574684	0.4922348008
2522	0.3461992361	0.4921681807
2523	0.346159504	0.4921294215
2524	0.3461323618	0.4921000784
2525	0.3460595843	0.4920096428
2526	0.3460264868	0.4919712018
2527	0.3460005835	0.4919418034
2528	0.3459918	0.491930715
2529	0.3459323936	0.4918664594
2530	0.3459208325	0.4918542488
2531	0.3458686765	0.4917916093
2532	0.3458391311	0.491761991
2533	0.3458178781	0.4917389163
2534	0.3457573798	0.4916729504
2535	0.3457345952	0.4916529023
2536	0.3456858727	0.491584578
2537	0.3456661899	0.4915631807
2538	0.3456221999	0.4915087763
2539	0.3455852349	0.4914685968
2540	0.3455464528	0.4914245836
2541	0.3455146916	0.4913849074
2542	0.3454185335	0.4912834553
2543	0.345367355	0.4912279364
2544	0.3453273916	0.4911896053
2545	0.3452867178	0.4911419951
2546	0.3452696967	0.4911220232
2547	0.3452441737	0.4910938726
2548	0.3452164474	0.4910620983
2549	0.3451345609	0.4909614707
2550	0.3450942222	0.4909196864
2551	0.3450294325	0.4908537506
2552	0.3449469761	0.49074173
2553	0.3448702189	0.4906555408
2554	0.3448357608	0.4906144209
2555	0.3448216189	0.4906010609
2556	0.3447946341	0.4905723165
2557	0.3447559151	0.4905336583
2558	0.3447413681	0.4905201237
2559	0.3447014058	0.4904702157
2560	0.3445970691	0.4903414601
2561	0.3445678885	0.4903140516
2562	0.3445360772	0.490277329
2563	0.3444926074	0.4902302276
2564	0.3444547455	0.4901949161
2565	0.3444246922	0.490163093
2566	0.3443633498	0.4901069204
2567	0.3442821384	0.4900105232
2568	0.3442126266	0.4899261946
2569	0.3441707292	0.4898758809
2570	0.3441497872	0.4898556116
2571	0.344132048	0.4898355174
2572	0.3441085416	0.4898097455
2573	0.3440353057	0.4897291078
2574	0.3439755314	0.4896511236
2575	0.3439364412	0.4896081623
2576	0.3438694364	0.4895382429
2577	0.3438138825	0.4894789081
2578	0.3437496261	0.4894025498
2579	0.3437366634	0.4893923077
2580	0.3437303439	0.4893871614
2581	0.3436998747	0.4893551624
2582	0.3436450443	0.4892910161
2583	0.343585275	0.489213892
2584	0.3435328191	0.4891555268
2585	0.3434511219	0.4890531072
2586	0.343434985	0.489041469
2587	0.3433782095	0.4889786463
2588	0.3433191839	0.4889091432
2589	0.3432753763	0.4888670724
2590	0.3431713258	0.4887354721
2591	0.3431163297	0.4886713408
2592	0.3430656959	0.4886048432
2593	0.3430527906	0.4885888599
2594	0.3429846291	0.4885059136
2595	0.3429523841	0.4884655101
2596	0.3429045657	0.4884052279
2597	0.342802967	0.4882828339
2598	0.3427499394	0.4882197773
2599	0.3427116034	0.4881802405
2600	0.3427062166	0.4881744092
2601	0.342699107	0.4881679599
2602	0.3426496343	0.4881103265
2603	0.3425989085	0.4880560318
2604	0.3425442923	0.4880018135
2605	0.3425304695	0.4879878745
2606	0.3425198957	0.4879758852
2607	0.342478092	0.4879291864
2608	0.3424433587	0.4878891683
2609	0.3423753854	0.4878193516
2610	0.3423384862	0.487779961
2611	0.3422901422	0.4877363563
2612	0.342261609	0.4876971039
2613	0.3422517795	0.4876848423
2614	0.3422098089	0.4876262089
2615	0.342174629	0.4875824955
2616	0.3421494401	0.4875522593
2617	0.3421038009	0.4875080679
2618	0.342079432	0.4874772939
2619	0.3420241958	0.4874231916
2620	0.3420154088	0.487415221
2621	0.3419621025	0.4873472104
2622	0.3419311385	0.4873122071
2623	0.3418478703	0.4872320228
2624	0.3417731958	0.4871433546
2625	0.3417300463	0.4870871336
2626	0.3416946201	0.4870496963
2627	0.3416757493	0.4870277128
2628	0.3416241137	0.486974731
2629	0.341589725	0.4869386545
2630	0.3415541816	0.4869013829
2631	0.3415187192	0.4868585264
2632	0.3414687094	0.4868039053
2633	0.341445127	0.4867785365
2634	0.3413984375	0.4867204177
2635	0.3413667005	0.4866756916
2636	0.3413309459	0.4866378545
2637	0.3413138103	0.4866196558
2638	0.3412925318	0.4865952132
2639	0.3412377199	0.4865346577
2640	0.3411929965	0.4864877027
2641	0.3411637192	0.4864579754
2642	0.3411118416	0.4864011637
2643	0.341097882	0.4863877921
2644	0.341036998	0.4863068047
2645	0.3409997795	0.4862732154
2646	0.3409496417	0.4862216432
2647	0.3408970321	0.4861629367
2648	0.3408490214	0.4861154679
2649	0.3407361728	0.4859658025
2650	0.3407190686	0.4859479592
2651	0.3405969183	0.4857735622
2652	0.3405646032	0.4857411665
2653	0.3405157817	0.4856862052
2654	0.3404821291	0.485645646
2655	0.340419349	0.4855760172
2656	0.3403760458	0.4855200884
2657	0.3403151439	0.4854497924
2658	0.3402826714	0.4854205429
2659	0.3402711722	0.4854087248
2660	0.340217236	0.4853532596
2661	0.3401946975	0.4853291735
2662	0.3401354924	0.4852623776
2663	0.340077911	0.4851933078
2664	0.3400032225	0.4851127767
2665	0.3399606237	0.4850542745
2666	0.3399023605	0.4849962741
2667	0.3398209829	0.4848987984
2668	0.3398183455	0.4848965374
2669	0.3397662662	0.4848394741
2670	0.3397053338	0.4847557958
2671	0.3396820876	0.4847331754
2672	0.3396205118	0.4846714353
2673	0.33960575	0.4846543719
2674	0.3395626236	0.4846028535
2675	0.3394981184	0.4845013149
2676	0.3394637509	0.4844680602
2677	0.3394280936	0.4844289394
2678	0.3394031767	0.4843974813
2679	0.3393800306	0.4843758138
2680	0.339308153	0.484291895
2681	0.3392746957	0.4842522201
2682	0.3392648323	0.4842384575
2683	0.3392457986	0.4842156707
2684	0.3392261043	0.4841953797
2685	0.3391830319	0.4841418033
2686	0.3391681845	0.4841258143
2687	0.3391504774	0.4841080631
2688	0.3390811216	0.4840156794
2689	0.3390643564	0.4839959903
2690	0.3390482623	0.4839799211
2691	0.3390316825	0.4839657171
2692	0.3389429325	0.4838590357
2693	0.3388845393	0.4837829924
2694	0.3388370881	0.483730947
2695	0.3388304604	0.4837209245
2696	0.3387843931	0.4836622136
2697	0.3387666516	0.4836385521
2698	0.338729662	0.4835956709
2699	0.338654725	0.4834767004
2700	0.3385416849	0.4833299204
2701	0.3385076418	0.4832973951
2702	0.338478441	0.4832646243
2703	0.3384388583	0.4832215726
2704	0.3384024149	0.4831866226
2705	0.3383820205	0.4831690192
2706	0.3382991743	0.4830849351
2707	0.3382686293	0.4830490645
2708	0.3382570502	0.4830362106
2709	0.3381932986	0.4829506398
2710	0.3381611773	0.4829143457
2711	0.3380947611	0.482842165
2712	0.3380681349	0.4828172178
2713	0.3380404554	0.4827857489
2714	0.3379903947	0.4827190873
2715	0.3379557055	0.4826797127
2716	0.337947331	0.4826701134
2717	0.3379270002	0.4826419579
2718	0.3378640745	0.4825666503
2719	0.337846892	0.4825554631
2720	0.3378010319	0.4825022887
2721	0.3377905143	0.4824918775
2722	0.3377770135	0.4824781953
2723	0.3377375377	0.4824358569
2724	0.3377148456	0.4824126057
2725	0.3376699394	0.4823607642
2726	0.3375686402	0.4822373194
2727	0.3375404013	0.4822127096
2728	0.3374692184	0.4821266217
2729	0.3374152735	0.482064372
2730	0.3373380388	0.4819610076
2731	0.3372650912	0.4818580413
2732	0.3372552977	0.4818465605
2733	0.3372343111	0.4818198875
2734	0.3371817265	0.4817614976
2735	0.3371387387	0.4817152841
2736	0.3370934832	0.4816609419
2737	0.3370831874	0.4816519295
2738	0.3370218748	0.4815910809
2739	0.3369780657	0.4815440714
2740	0.336919177	0.4814790883
2741	0.3368190979	0.481357102
2742	0.3367452105	0.4812715217
2743	0.3367114777	0.4812305392
2744	0.3366758369	0.4811874321
2745	0.3366496941	0.4811619892
2746	0.3365902287	0.481104535
2747	0.3365353589	0.4810407582
2748	0.3365192914	0.4810210317
2749	0.3364763176	0.4809745079
2750	0.336401576	0.4809071613
2751	0.3363259951	0.4808227672
2752	0.3362960869	0.480789491
2753	0.3362729746	0.4807674229
2754	0.3362480669	0.4807425885
2755	0.3361915555	0.48067144
2756	0.3361236587	0.4805843839
2757	0.3360447669	0.4804854216
2758	0.3359664693	0.480369462
2759	0.3359274322	0.4803267161
2760	0.3359026081	0.4802983582
2761	0.3358807318	0.4802751466
2762	0.3358562901	0.4802458246
2763	0.3357758398	0.4801394503
2764	0.3357223989	0.4800742299
2765	0.3356938591	0.4800434417
2766	0.3356373403	0.4799794909
2767	0.335578232	0.4799268386
2768	0.3354904778	0.479822381
2769	0.3354533907	0.4797854485
2770	0.3354115058	0.4797435876
2771	0.3353378614	0.4796626249
2772	0.3353149789	0.479637003
2773	0.3353003525	0.4796210171
2774	0.3352850773	0.4796009558
2775	0.3352066688	0.479494641
2776	0.33516984	0.4794475665
2777	0.3351124504	0.4793789705
2778	0.3350808653	0.4793377861
2779	0.3350626796	0.4793141552
2780	0.3349682243	0.4791976874
2781	0.3349026027	0.4791262971
2782	0.3348499094	0.479073373
2783	0.3347533601	0.4789550096
2784	0.3347240553	0.4789249726
2785	0.3346789148	0.4788666528
2786	0.334593715	0.4787589007
2787	0.33453445	0.4786923749
2788	0.3345262516	0.4786825595
2789	0.3345069064	0.4786649382
2790	0.3344772315	0.4786284716
2791	0.3344174857	0.478540363
2792	0.3344079373	0.4785313553
2793	0.3343279933	0.4784357082
2794	0.3342760541	0.4783708897
2795	0.3342613162	0.4783532634
2796	0.3342391863	0.4783263439
2797	0.3342058791	0.4782849138
2798	0.3341306366	0.4781859365
2799	0.3341042126	0.4781554716
2800	0.3340547492	0.4781072803
2801	0.3340093201	0.4780498157
2802	0.3339701434	0.4780034579
2803	0.3339310493	0.4779637313
2804	0.3338949306	0.4779269422
2805	0.3338781201	0.4779099091
2806	0.3338563336	0.4778844302
2807	0.3338248875	0.4778411233
2808	0.3337718981	0.4777887533
2809	0.3337087209	0.4777139393
2810	0.3336682627	0.4776675853
2811	0.3336111905	0.4775951877
2812	0.333564858	0.4775409338
2813	0.3335404007	0.4775133444
2814	0.3334813231	0.4774488055
2815	0.3334655417	0.477433684
2816	0.3334045313	0.4773643275
2817	0.333379999	0.4773348965
2818	0.3333408033	0.4772916514
2819	0.3332943208	0.4772435178
2820	0.3332568842	0.4771969878
2821	0.333176457	0.4770999484
2822	0.3331176924	0.4770444368
2823	0.3330556273	0.4769632571
2824	0.3330326404	0.4769358017
2825	0.3330085101	0.4769089007
2826	0.3329546844	0.4768587397
2827	0.3329130061	0.4768131233
2828	0.3328993463	0.4767976672
2829	0.3328380331	0.476730935
2830	0.3327888477	0.4766814878
2831	0.3326803709	0.4765393184
2832	0.3326396667	0.4764921938
2833	0.3325786495	0.4764151163
2834	0.3325258205	0.4763447651
2835	0.3324452489	0.4762489898
2836	0.3324095637	0.4762065843
2837	0.3323630772	0.4761579869
2838	0.3322972587	0.476080813
2839	0.3322749443	0.4760523015
2840	0.3322536341	0.4760280286
2841	0.3322459815	0.4760193354
2842	0.3321887761	0.4759597415
2843	0.3321350576	0.4758959993
2844	0.3320307002	0.4757670879
2845	0.3320055213	0.4757405152
2846	0.3319793307	0.4757149745
2847	0.3318946391	0.4756187558
2848	0.3318773456	0.4755958927
2849	0.3318335448	0.4755521758
2850	0.3318056804	0.4755241241
2851	0.3317820956	0.4754979142
2852	0.3317493886	0.4754544031
2853	0.3317151575	0.4754142429
2854	0.3316660009	0.4753628958
2855	0.331619955	0.4753133529
2856	0.3315524311	0.4752359837
2857	0.3314884568	0.475166158
2858	0.3314020375	0.4750602807
2859	0.3313317106	0.4749748861
2860	0.3313167437	0.4749527166
2861	0.3313101887	0.474944456
2862	0.3312769798	0.4749052674
2863	0.3312202362	0.4748297018
2864	0.3311954662	0.4748064667
2865	0.3311707387	0.4747793859
2866	0.33113477	0.4747329355
2867	0.3311293401	0.474728086
2868	0.3310549658	0.4746436213
2869	0.3310429022	0.4746298257
2870	0.3310375043	0.4746243179
2871	0.3310005203	0.4745895347
2872	0.3309799647	0.4745633606
2873	0.3309322346	0.4745083011
2874	0.3309131748	0.4744872714
2875	0.3308996792	0.4744737316
2876	0.3308698785	0.4744363681
2877	0.3308444505	0.47440892
2878	0.3307812928	0.474340471
2879	0.3307109474	0.4742530727
2880	0.3306794034	0.474221145
2881	0.33062568	0.4741480574
2882	0.3305706542	0.474088225
2883	0.3305088662	0.4740034495
2884	0.330491647	0.4739848899
2885	0.330465858	0.473958193
2886	0.3304327602	0.4739194801
2887	0.3304081716	0.4738881469
2888	0.3303477747	0.473823102
2889	0.3303162255	0.4737917214
2890	0.3302796585	0.4737519862
2891	0.3302376959	0.4737011253
2892	0.3302027648	0.4736695394
2893	0.3301741243	0.4736359277
2894	0.3301402301	0.473587523
2895	0.3300846373	0.473526421
2896	0.3299944595	0.4734095936
2897	0.3299083599	0.4733244278
2898	0.3298533694	0.4732609038
2899	0.3298166855	0.4732218237
2900	0.3297617754	0.4731616196
2901	0.3296388358	0.4729843016
2902	0.3295972578	0.4729416325
2903	0.3295420108	0.4728760768
2904	0.3295182617	0.4728554705
2905	0.3295036412	0.472833966
2906	0.3294624369	0.472788242
2907	0.3293997302	0.4727117871
2908	0.3293632298	0.4726720222
2909	0.329357104	0.4726649889
2910	0.3293207515	0.4726264251
2911	0.3293041259	0.4726059987
2912	0.3292410787	0.4725378849
2913	0.329196626	0.4724942461
2914	0.3291541389	0.4724496654
2915	0.3291201242	0.4724133153
2916	0.3291057246	0.472402441
2917	0.3290471176	0.4723302099
2918	0.3290266102	0.4723081338
2919	0.328973262	0.4722441856
2920	0.3289567552	0.4722273105
2921	0.3289117545	0.4721700222
2922	0.3288492865	0.4720996908
2923	0.3287947795	0.4720310875
2924	0.3287191186	0.4719421982
2925	0.3286591369	0.4718831971
2926	0.3286191642	0.4718428994
2927	0.3285946875	0.471814974
2928	0.3285153971	0.4717158696
2929	0.32846661	0.4716666671
2930	0.3284005621	0.4715934723
2931	0.3283455126	0.4715271236
2932	0.3283083894	0.4714715338
2933	0.328258812	0.4714148819
2934	0.3282126059	0.4713627391
2935	0.3281783582	0.4713245403
2936	0.3281527061	0.4712972934
2937	0.3280950134	0.4712366119
2938	0.3280651942	0.4711950186
2939	0.3280523725	0.4711807343
2940	0.3280050339	0.4711275403
2941	0.3279396089	0.471049657
2942	0.3279046468	0.4710135971
2943	0.3278683356	0.4709692294
2944	0.3278248698	0.470917254
2945	0.3278057446	0.470902561
2946	0.327766495	0.4708483464
2947	0.3277370739	0.4708098312
2948	0.3276363824	0.4706849279
2949	0.3276262039	0.4706741102
2950	0.327578143	0.4706127839
2951	0.3275424613	0.4705794283
2952	0.3275004715	0.4705343424
2953	0.3274819349	0.4705102804
2954	0.3274724468	0.4705030007
2955	0.3274219234	0.4704471447
2956	0.327386424	0.4704141876
2957	0.32736954	0.4703973228
2958	0.3273204732	0.4703434218
2959	0.3272363502	0.4702354429
2960	0.3272043826	0.4701972485
2961	0.3271852864	0.4701742766
2962	0.3271551298	0.4701402778
2963	0.3271284913	0.4701201488
2964	0.3270364879	0.4700032765
2965	0.3269682294	0.4699235672
2966	0.326880047	0.4698259681
2967	0.3268657676	0.4698118206
2968	0.3267925817	0.4697267187
2969	0.3267414394	0.4696683319
2970	0.3267184866	0.4696466367
2971	0.3266684709	0.469576564
2972	0.3265682437	0.4694543497
2973	0.3265332288	0.4694173089
2974	0.3264942934	0.4693753582
2975	0.3264765143	0.4693546455
2976	0.3263912264	0.4692698259
2977	0.3263610062	0.4692376362
2978	0.3263280098	0.4692052909
2979	0.3262647006	0.4691311725
2980	0.3261818014	0.4690283079
2981	0.3261526754	0.4689962326
2982	0.3261162865	0.4689552175
2983	0.326048707	0.4688747197
2984	0.3260299529	0.4688548465
2985	0.3260045448	0.4688226043
2986	0.3259948328	0.4688142477
2987	0.3259671706	0.4687819514
2988	0.3259324908	0.4687439814
2989	0.3258811821	0.4686965126
2990	0.3258260168	0.4686267303
2991	0.3257836608	0.4685849064
2992	0.3257491006	0.4685486156
2993	0.3257132229	0.4685063996
2994	0.3256665312	0.4684557377
2995	0.3256148886	0.468401775
2996	0.3254928607	0.4682374356
2997	0.3254775341	0.4682201732
2998	0.3254574078	0.4681996331
2999	0.325396912	0.4681321131
3000	0.3253744396	0.4681098182
3001	0.3253252475	0.4680583612
3002	0.3252736098	0.4679984101
3003	0.3252357538	0.4679646099
3004	0.3252103297	0.4679431974
3005	0.3251556874	0.4678781618
3006	0.3250979651	0.4678075225
3007	0.3250812554	0.467790061
3008	0.3250549009	0.4677644427
3009	0.325015015	0.4677182962
3010	0.3249372664	0.4676324104
3011	0.3248987843	0.467590043
3012	0.3248716444	0.4675597022
3013	0.3248412803	0.4675307719
3014	0.3248092125	0.4674965652
3015	0.3247480088	0.4674276551
3016	0.324671369	0.4673327866
3017	0.3246321636	0.4672907908
3018	0.3246062558	0.4672661348
3019	0.3245748399	0.4672376845
3020	0.3245489188	0.4672097348
3021	0.3245121854	0.467175351
3022	0.3244940268	0.4671504866
3023	0.32446416	0.4671188697
3024	0.3244416547	0.4670958992
3025	0.3244290919	0.4670796723
3026	0.324365158	0.4669942884
3027	0.3243028437	0.4669145989
3028	0.3242595591	0.4668611546
3029	0.3242127547	0.4668091377
3030	0.3241882652	0.466783947
3031	0.3241564724	0.466755826
3032	0.3241325109	0.4667276324
3033	0.3241068901	0.4666974498
3034	0.3240445225	0.4666342557
3035	0.3239653734	0.4665439602
3036	0.3238865272	0.4664382572
3037	0.323871519	0.4664230475
3038	0.3238095153	0.466351408
3039	0.3237882771	0.4663306396
3040	0.3237541222	0.4662947416
3041	0.3236983414	0.4662265845
3042	0.3236758856	0.4662020722
3043	0.3236158321	0.4661313305
3044	0.323549933	0.4660571956
3045	0.3235168997	0.4660178392
3046	0.3234730827	0.4659754349
3047	0.3234394303	0.4659365771
3048	0.3234175332	0.4659171636
3049	0.3233650709	0.4658598596
3050	0.3233375443	0.4658328594
3051	0.3232722269	0.4657524054
3052	0.3232231195	0.4656984359
3053	0.3231986705	0.4656707098
3054	0.3231032926	0.4655251803
3055	0.3230876746	0.4655091663
3056	0.3230803476	0.4654998773
3057	0.3230691049	0.4654877087
3058	0.3230021507	0.4654110858
3059	0.3229550315	0.465359169
3060	0.3229255845	0.4653197412
3061	0.3228873425	0.4652805701
3062	0.3228377515	0.465227238
3063	0.3228169845	0.4651943641
3064	0.3227695502	0.4651380732
3065	0.3227363701	0.4651070515
3066	0.3226956044	0.4650589603
3067	0.3226067178	0.4649595295
3068	0.3225134244	0.4648319333
3069	0.3224865471	0.4648038976
3070	0.3224108924	0.4647022262
3071	0.3223900954	0.4646827576
3072	0.3223116081	0.4645849146
3073	0.3222629963	0.4645313664
3074	0.3222472449	0.4645112779
3075	0.3222245076	0.4644897836
3076	0.3221744127	0.4644229363
3077	0.3221594521	0.4644031015
3078	0.3220841733	0.4643156742
3079	0.3220414023	0.4642729112
3080	0.3219341252	0.4641301056
3081	0.321896233	0.4640842853
3082	0.3218715603	0.464057844
3083	0.3218607251	0.4640458958
3084	0.3218355223	0.4640220022
3085	0.3218001637	0.4639850802
3086	0.3217390267	0.4639133702
3087	0.3216989394	0.4638731515
3088	0.32165527	0.4638244123
3089	0.3215928228	0.4637619131
3090	0.3215677456	0.4637383552
3091	0.3215455011	0.4637136769
3092	0.3215358101	0.4637031699
3093	0.3214626518	0.4636094325
3094	0.3214285119	0.463562766
3095	0.3213878744	0.4635216521
3096	0.3213322894	0.4634533959
3097	0.3212852364	0.4634072353
3098	0.321220363	0.4633310029
3099	0.3211677503	0.4632668674
